name,owner,language,age_years,pull_requests,releases,last_update_days,issues_total,issues_closed,issues_ratio,stars,contributors
freeCodeCamp,freeCodeCamp,TypeScript,10.67123287671233,25732,0,-1,19832,19639,0.9902682533279549,426292,5556
build-your-own-x,codecrafters-io,Markdown,7.295890410958904,142,0,-1,824,595,0.7220873786407767,413416,122
awesome,sindresorhus,Unknown,11.126027397260273,679,0,-1,354,340,0.96045197740113,394370,608
free-programming-books,EbookFoundation,Python,11.873972602739727,6821,0,-1,1181,1152,0.9754445385266723,365906,2988
public-apis,public-apis,Python,9.43013698630137,1872,0,-1,712,704,0.9887640449438202,362636,1242
developer-roadmap,kamranahmedse,TypeScript,8.446575342465753,3694,1,-1,2942,2693,0.9153636981645139,334403,1367
coding-interview-university,jwasham,Unknown,9.219178082191782,415,0,-1,516,453,0.877906976744186,324730,310
system-design-primer,donnemartin,Python,8.493150684931507,200,0,-1,339,91,0.26843657817109146,317284,120
996.ICU,996icu,Unknown,6.416438356164384,1071,0,-1,0,0,0,274140,639
awesome-python,vinta,Python,11.164383561643836,544,0,-1,0,0,0,256414,404
awesome-selfhosted,awesome-selfhosted,Unknown,10.235616438356164,2394,1,-1,806,806,1.0,243351,1237
project-based-learning,practical-tutorials,Unknown,8.36986301369863,182,0,-1,210,79,0.3761904761904762,240860,104
react,facebook,JavaScript,12.257534246575343,12137,105,-1,14001,13199,0.9427183772587673,238354,1758
vue,vuejs,TypeScript,12.076712328767123,1133,249,-1,10028,9673,0.9645991224571201,209293,403
Python,TheAlgorithms,Python,9.10958904109589,2977,0,-1,1587,1511,0.9521109010712036,204309,1288
linux,torvalds,C,13.978082191780821,10,0,-1,0,0,0,200549,9983
javascript-algorithms,trekhleb,JavaScript,7.421917808219178,302,0,-1,366,229,0.6256830601092896,193062,214
tensorflow,tensorflow,C++,9.8,36044,219,-1,40743,39845,0.9779594040694107,191298,3900
computer-science,ossu,HTML,11.312328767123288,299,0,-1,652,638,0.9785276073619632,190883,152
the-book-of-secret-knowledge,trimstray,Unknown,7.1726027397260275,122,0,-1,0,0,0,183423,100
You-Dont-Know-JS,getify,Unknown,11.775342465753425,368,0,-1,944,863,0.9141949152542372,183012,186
CS-Notes,CyC2018,Unknown,7.528767123287671,374,0,-1,571,448,0.7845884413309983,181541,229
ohmyzsh,ohmyzsh,Shell,15.997260273972604,3377,0,-1,4964,4824,0.9717969379532635,180893,2462
AutoGPT,Significant-Gravitas,Python,2.441095890410959,3200,68,-1,3394,3232,0.9522687094873306,178024,769
vscode,microsoft,TypeScript,9.978082191780821,36283,177,-1,205624,193477,0.9409261564797884,176019,2268
bootstrap,twbs,MDX,14.07945205479452,8974,93,0,22751,22346,0.9821985846775966,172895,1393
flutter,flutter,Dart,10.473972602739726,43862,7,-1,108859,96953,0.8906291624946031,172049,1683
Python-100-Days,jackfrued,Jupyter Notebook,7.484931506849315,13,0,-1,691,118,0.170767004341534,171185,13
gitignore,github,Unknown,14.8,1716,0,-1,0,0,0,168841,5316
the-art-of-command-line,jlevy,Unknown,10.26849315068493,317,0,-1,258,136,0.5271317829457365,157869,164
stable-diffusion-webui,AUTOMATIC1111,Python,3.0054794520547947,1874,27,-1,7830,5467,0.6982120051085569,155878,590
JavaGuide,Snailclimb,Java,7.301369863013699,1180,0,0,1104,1032,0.9347826086956522,151385,592
ollama,ollama,Go,2.1616438356164385,2475,143,-1,8023,6242,0.7780132120154556,150791,512
awesome-go,avelino,Go,11.139726027397261,3458,0,-1,688,682,0.9912790697674418,150656,2014
transformers,huggingface,Python,6.821917808219178,16681,224,-1,17823,16738,0.9391236043314818,148722,3492
javascript,airbnb,JavaScript,12.816438356164383,810,0,-1,1367,1269,0.9283101682516459,147296,513
Microsoft-Activation-Scripts,massgravel,Batchfile,5.616438356164384,6,24,-1,722,722,1.0,145730,10
youtube-dl,ytdl-org,Python,14.821917808219178,1642,341,-1,26771,23125,0.8638078517799112,136965,804
next.js,vercel,JavaScript,8.887671232876713,23664,1000,-1,23390,21070,0.9008123129542539,133954,3677
awesome-chatgpt-prompts,f,JavaScript,2.717808219178082,171,0,-1,0,0,0,133092,129
n8n,n8n-io,TypeScript,6.175342465753425,10641,382,-1,5195,4570,0.8796920115495669,132143,519
go,golang,Go,11.01917808219178,1,0,-1,67944,58770,0.8649770399152243,129552,2270
tech-interview-handbook,yangshun,TypeScript,9.139726027397261,481,0,-1,115,74,0.6434782608695652,129096,166
fucking-algorithm,labuladong,Markdown,5.512328767123288,238,1,-1,920,916,0.9956521739130435,128974,110
scrcpy,Genymobile,C,7.758904109589041,113,47,-1,5626,3176,0.5645218627799502,126998,153
HelloGitHub,521xueweihan,Python,9.30958904109589,16,57,-1,2840,2651,0.9334507042253521,126079,17
30-seconds-of-code,Chalarangelo,JavaScript,7.736986301369863,827,12,-1,300,300,1.0,125065,310
yt-dlp,yt-dlp,Python,4.8273972602739725,2911,118,-1,9784,8185,0.8365699100572364,123526,1464
react-native,facebook,C++,10.627397260273973,930,410,-1,27204,26549,0.9759226584325834,123514,2825
PowerToys,microsoft,C#,6.317808219178082,5663,117,-1,34579,27577,0.7975071575233523,122510,10000
electron,electron,C++,12.372602739726027,23274,1000,-1,21050,20299,0.9643230403800475,118004,1293
kubernetes,kubernetes,Go,11.221917808219178,62232,755,-1,47705,45790,0.9598574572895923,117036,4007
hello-algo,krahets,Java,2.802739726027397,945,9,-1,270,258,0.9555555555555556,115694,200
free-programming-books-zh_CN,justjavac,Unknown,11.808219178082192,282,3,-1,0,0,0,115047,124
langchain,langchain-ai,Jupyter Notebook,2.852054794520548,14493,948,-1,8645,8433,0.9754771544245229,114083,3728
node,nodejs,JavaScript,10.747945205479452,10771,455,-1,19464,17743,0.9115803534730785,112900,3589
dify,langgenius,TypeScript,2.367123287671233,7076,140,-1,12620,11926,0.9450079239302694,111834,944
d3,d3,Shell,14.915068493150685,493,194,-1,2229,2220,0.9959623149394348,111340,139
free-for-dev,ripienaar,HTML,10.441095890410958,2762,0,-1,0,0,0,110725,1782
three.js,mrdoob,JavaScript,15.43013698630137,14407,171,-1,13179,12729,0.9658547689506032,108243,1980
open-webui,open-webui,JavaScript,1.8821917808219177,2516,122,-1,6192,5983,0.9662467700258398,107671,617
axios,axios,JavaScript,11.021917808219179,1001,97,-1,4844,4607,0.9510734929810074,107453,495
rust,rust-lang,Rust,15.197260273972603,65685,140,-1,59256,48623,0.8205582557040637,105986,5657
excalidraw,excalidraw,TypeScript,5.6438356164383565,3702,14,-1,4244,2405,0.5666823751178134,105858,334
TypeScript,microsoft,TypeScript,11.191780821917808,14675,212,0,42458,36877,0.8685524518347544,105689,809
langflow,langflow-ai,Python,2.5397260273972604,4632,262,-1,2701,2260,0.836727138097001,104959,301
deno,denoland,Rust,7.279452054794521,13347,342,-1,13183,10913,0.8278085413031935,104000,1055
nodebestpractices,goldbergyoni,Dockerfile,7.942465753424657,765,0,-1,328,285,0.8689024390243902,103983,228
create-react-app,facebook,JavaScript,9.106849315068493,1949,83,0,8402,6567,0.7815996191383004,103458,956
GitHub-Chinese-Top-Charts,GrowingGit,Java,5.96986301369863,0,0,-1,340,161,0.47352941176470587,101434,1
godot,godotengine,C++,11.64109589041096,38721,61,-1,58147,46040,0.7917863346346329,100525,3006
terminal,microsoft,C++,8.038356164383561,4189,136,-1,13463,11867,0.8814528708311669,99305,444
DeepSeek-V3,deepseek-ai,Python,0.6575342465753424,21,1,-1,589,559,0.9490662139219015,98907,22
angular,angular,TypeScript,10.936986301369863,3894,471,0,29482,28136,0.954345024082491,98523,2158
frp,fatedier,Go,9.67945205479452,683,106,-1,3905,3848,0.9854033290653009,97758,121
papers-we-love,papers-we-love,Shell,11.695890410958905,437,0,0,246,245,0.9959349593495935,97423,258
Awesome-Hacking,Hack-with-Github,Unknown,9.405479452054795,34,0,-1,0,0,0,96711,29
iptv,iptv-org,TypeScript,6.778082191780822,6672,0,-1,14881,14437,0.9701632954774545,96483,358
material-ui,mui,TypeScript,11.021917808219179,20808,547,-1,20167,18553,0.9199682649873556,96449,3048
rustdesk,rustdesk,Rust,4.904109589041096,3638,31,-1,3596,3541,0.9847052280311457,96230,332
tauri,tauri-apps,Rust,6.117808219178082,5167,1000,-1,5775,4646,0.8045021645021645,95870,495
ant-design,ant-design,TypeScript,10.33972602739726,15776,714,-1,31628,30401,0.9612052611609966,95754,2282
generative-ai-for-beginners,microsoft,Jupyter Notebook,2.180821917808219,388,0,-1,176,166,0.9431818181818182,95415,204
thefuck,nvbn,Python,10.383561643835616,481,17,-1,760,472,0.6210526315789474,93668,182
clean-code-javascript,ryanmcdermott,JavaScript,8.747945205479452,149,0,-1,235,163,0.6936170212765957,93639,110
ui,shadcn-ui,TypeScript,2.6356164383561644,636,52,-1,3349,2380,0.7106598984771574,93511,288
HowToCook,Anduin2017,Dockerfile,5.484931506849315,586,4,-1,782,346,0.4424552429667519,92759,405
pytorch,pytorch,Python,9.032876712328767,6193,61,-1,53280,37753,0.7085773273273274,92627,4019
java-design-patterns,iluwatar,Java,11.046575342465754,1507,0,0,959,830,0.8654848800834203,92559,455
neovim,neovim,Vim Script,11.567123287671233,16154,45,-1,13129,11482,0.8745525173280524,92173,1563
puppeteer,puppeteer,TypeScript,8.295890410958904,5424,560,-1,7221,6955,0.9631629968148456,92153,518
Web-Dev-For-Beginners,microsoft,JavaScript,4.786301369863014,517,0,-1,331,243,0.7341389728096677,91539,294
DeepSeek-R1,deepseek-ai,Unknown,0.589041095890411,9,1,-1,631,592,0.9381933438985737,90970,13
vue-element-admin,PanJiaChen,Vue,8.356164383561644,311,49,-1,3609,2357,0.6530894984760321,89804,121
tailwindcss,tailwindlabs,TypeScript,7.884931506849315,3072,290,-1,4544,4464,0.9823943661971831,89749,317
fastapi,fastapi,Python,6.712328767123288,2738,208,-1,3466,3417,0.985862665897288,88700,837
every-programmer-should-know,mtdvio,Unknown,8.002739726027396,99,0,-1,52,23,0.4423076923076923,87917,82
storybook,storybookjs,TypeScript,9.438356164383562,11483,1000,0,13696,11618,0.8482768691588785,87582,2011
supabase,supabase,TypeScript,5.868493150684931,12948,22,-1,4663,4440,0.9521767102723568,87558,1546
awesome-mac,jaywcjlove,JavaScript,9.106849315068493,991,12,-1,481,367,0.762993762993763,87557,611
whisper,openai,Python,2.936986301369863,119,13,-1,0,0,0,87109,159
nvm,nvm-sh,Shell,15.367123287671232,729,70,-1,2315,1999,0.8634989200863931,86531,371
ComfyUI,comfyanonymous,Python,2.6,1211,74,-1,6210,3677,0.592109500805153,86396,234
NextChat,ChatGPTNextWeb,TypeScript,2.4575342465753423,889,77,-1,3547,2888,0.8142091908655201,85606,256
v2rayN,2dust,C#,6.071232876712329,273,265,-1,6024,6020,0.99933598937583,85425,89
llama.cpp,ggml-org,C++,2.4575342465753423,5533,1000,-1,5724,5385,0.9407756813417191,85393,1237
bitcoin,bitcoin,C++,14.687671232876712,15518,56,-1,8687,8276,0.9526879244848624,85171,1002
app-ideas,florinpop17,Unknown,6.495890410958904,149,0,-1,170,44,0.25882352941176473,84974,68
django,django,Python,13.32876712328767,9863,0,-1,0,0,0,84660,2673
svelte,sveltejs,JavaScript,8.761643835616438,5993,511,-1,8501,7685,0.9040112927890837,83836,801
gin,gin-gonic,Go,11.191780821917808,1114,27,0,2348,1680,0.7155025553662692,83692,472
opencv,opencv,C++,13.104109589041096,13085,66,-1,11236,8632,0.7682449270202919,83655,1704
hugo,gohugoio,Go,12.145205479452056,2960,337,-1,7800,7362,0.9438461538461539,83035,832
mermaid,mermaid-js,TypeScript,10.813698630136987,2440,164,-1,3371,2098,0.6223672500741619,82347,639
realworld,gothinkster,TypeScript,9.495890410958904,433,0,0,542,503,0.9280442804428044,82254,86
animate.css,animate-css,CSS,13.873972602739727,315,22,0,882,841,0.953514739229025,82070,122
laravel,laravel,Blade,14.219178082191782,1641,198,-1,0,0,0,81908,717
FreeDomain,DigitalPlatDev,HTML,1.2328767123287672,0,0,-1,0,0,0,81429,4
mall,macrozheng,Java,7.391780821917808,1,3,-1,497,487,0.9798792756539235,81365,1
core,home-assistant,Python,11.93972602739726,75798,1000,-1,62509,60161,0.9624374090131022,80881,4323
manim,3b1b,Python,10.43013698630137,642,13,-1,1212,761,0.6278877887788779,80026,166
FiraCode,tonsky,Clojure,10.789041095890411,137,29,-1,1364,954,0.6994134897360704,79953,123
bun,oven-sh,Zig,4.361643835616438,5985,196,-1,13117,8322,0.6344438514904323,79885,821
system-prompts-and-models-of-ai-tools,x1xhlol,Unknown,0.4684931506849315,28,0,-1,104,56,0.5384615384615384,78522,21
spring-boot,spring-projects,Java,12.852054794520548,42,320,0,39292,38736,0.9858495368013845,78182,1173
advanced-java,doocs,Java,6.884931506849315,88,1,-1,147,146,0.9931972789115646,78138,490
devops-exercises,bregman-arie,Python,5.8931506849315065,302,0,0,99,64,0.6464646464646465,78026,205
models,tensorflow,Python,9.553424657534247,2341,50,0,7312,6236,0.8528446389496718,77619,961
awesome-for-beginners,MunGell,Unknown,9.838356164383562,453,0,-1,186,175,0.9408602150537635,76874,346
ML-For-Beginners,microsoft,HTML,4.476712328767123,377,0,0,147,141,0.9591836734693877,76794,139
awesome-interview-questions,DopplerHQ,Unknown,9.742465753424657,175,0,-1,61,34,0.5573770491803278,76671,141
gpt4all,nomic-ai,C++,2.410958904109589,934,38,-1,2188,1488,0.680073126142596,76541,114
LeetCodeAnimation,MisterBooo,Java,6.717808219178083,63,0,-1,62,42,0.6774193548387096,76409,15
playwright,microsoft,TypeScript,5.7753424657534245,15071,151,-1,16316,15481,0.9488232409904388,76296,644
netdata,netdata,C,12.191780821917808,10936,121,-1,8118,7951,0.9794284306479428,75643,606
funNLP,fighting41love,Python,7.010958904109589,14,0,-1,81,47,0.5802469135802469,75618,12
Font-Awesome,FortAwesome,JavaScript,13.523287671232877,212,60,0,19754,16002,0.8100637845499645,75587,26
syncthing,syncthing,Go,11.747945205479452,2759,440,-1,5698,5369,0.9422604422604423,75493,341
system-design-101,ByteByteGoHq,Unknown,1.9315068493150684,23,0,-1,54,17,0.3148148148148148,75481,16
github-readme-stats,anuraghazra,JavaScript,5.126027397260274,1303,0,-1,1306,1110,0.8499234303215927,75271,274
vite,vitejs,TypeScript,5.342465753424658,5586,598,-1,8085,7620,0.9424860853432282,74872,1132
json-server,typicode,JavaScript,11.745205479452055,121,38,-1,1169,549,0.4696321642429427,74821,77
union,unionlabs,Rust,2.2739726027397262,2760,95,-1,1822,1590,0.8726673984632273,74500,47
weekly,ruanyf,Unknown,6.865753424657535,101,0,-1,7112,1081,0.15199662542182227,74234,63
immich,immich-app,TypeScript,3.5534246575342467,7162,261,-1,6313,5728,0.907334072548709,74114,1469
uptime-kuma,louislam,JavaScript,4.142465753424657,1317,111,-1,4169,3455,0.8287359078915807,73647,753
hoppscotch,hoppscotch,TypeScript,6.010958904109589,1870,83,-1,2046,1555,0.760019550342131,73610,285
elasticsearch,elastic,Java,15.547945205479452,80589,202,0,40644,36335,0.8939818915461076,73604,3816
code-server,coder,TypeScript,6.49041095890411,1576,200,-1,3705,3569,0.9632928475033739,73544,247
awesome-vue,vuejs,Unknown,9.849315068493151,3574,0,0,228,190,0.8333333333333334,73199,2244
fzf,junegunn,Go,11.841095890410958,595,70,-1,3016,2781,0.9220822281167109,73137,292
Best-websites-a-programmer-should-visit,sdmg15,Unknown,8.473972602739726,431,0,-1,174,103,0.5919540229885057,72925,312
Deep-Live-Cam,hacksider,Python,1.915068493150685,85,8,-1,989,924,0.9342770475227502,72675,51
nest,nestjs,TypeScript,8.553424657534247,7412,131,-1,5673,5644,0.9948880662788648,72381,526
markitdown,microsoft,Python,0.7753424657534247,147,14,-1,323,69,0.21362229102167182,72197,10000
d2l-zh,d2l-ai,Python,8.005479452054795,1019,16,-1,0,0,0,71878,253
clash-verge-rev,clash-verge-rev,TypeScript,1.7561643835616438,321,50,-1,3806,3690,0.9695218076720967,71640,100
gemini-cli,google-gemini,TypeScript,0.3506849315068493,1950,48,-1,3635,2337,0.6429160935350756,71426,298
stable-diffusion,CompVis,Jupyter Notebook,3.0383561643835617,5,0,0,727,195,0.26822558459422285,71371,15
Front-End-Checklist,thedaviddias,Unknown,7.857534246575343,179,1,-1,148,147,0.9932432432432432,70967,112
screenshot-to-code,abi,Python,1.7753424657534247,49,0,0,382,278,0.7277486910994765,70777,23
redis,redis,C,16.435616438356163,4162,96,-1,6781,4629,0.6826426780710809,70576,764
moby,moby,Go,12.602739726027398,21492,237,0,23125,19928,0.8617513513513514,70527,2291
flask,pallets,Python,15.391780821917807,1613,37,-1,2692,2691,0.99962852897474,70209,733
Ventoy,ventoy,C,5.457534246575342,280,105,-1,2532,1671,0.659952606635071,70082,118
cs-video-courses,Developer-Y,Unknown,8.843835616438357,234,0,-1,0,0,0,69626,107
grafana,grafana,TypeScript,11.706849315068494,56804,550,-1,40990,37504,0.9149548670407417,69585,3128
awesome-react,enaqx,Unknown,11.054794520547945,780,0,-1,113,109,0.9646017699115044,69535,610
reveal.js,hakimel,JavaScript,14.221917808219178,409,49,0,2464,1690,0.6858766233766234,69464,324
awesome-machine-learning,josephmisiti,Python,11.115068493150686,872,0,-1,93,93,1.0,69423,642
PayloadsAllTheThings,swisskyrepo,Python,8.852054794520548,548,5,-1,0,0,0,69393,288
strapi,strapi,TypeScript,9.904109589041095,9125,478,-1,11189,10205,0.9120564840468317,69256,1029
gpt_academic,binary-husky,Python,2.43013698630137,224,32,0,1741,1478,0.848937392303274,69156,104
tesseract,tesseract-ocr,C++,11.038356164383561,1411,34,-1,2726,2303,0.8448275862068966,69018,184
swift,swiftlang,C++,9.841095890410958,55451,60,-1,16783,9432,0.5619972591312637,68980,1295
protobuf,protocolbuffers,C++,11.0,7786,195,-1,6640,6407,0.9649096385542169,68870,1147
cpython,python,Python,8.536986301369863,52827,0,-1,73374,66134,0.9013274456892088,68502,3178
browser-use,browser-use,Python,0.810958904109589,990,74,-1,1060,551,0.519811320754717,68500,218
node,base,Go,2.558904109589041,186,54,0,241,190,0.7883817427385892,68464,52
sherlock,sherlock-project,Python,6.668493150684932,642,1,-1,1075,971,0.9032558139534884,68180,241
imgui,ocornut,C++,11.098630136986301,405,114,-1,6538,5524,0.8449066992964209,67751,463
superset,apache,TypeScript,10.098630136986301,14847,233,0,11640,11171,0.9597079037800688,67715,1313
express,expressjs,JavaScript,16.16986301369863,461,160,0,3991,3887,0.9739413680781759,67583,340
openai-cookbook,openai,Jupyter Notebook,3.4547945205479453,863,0,-1,602,558,0.9269102990033222,67375,2443
new-pac,Alvin9999,Python,9.424657534246576,0,0,-1,1773,1334,0.7523970671178793,67348,3
LLMs-from-scratch,rasbt,Jupyter Notebook,2.0876712328767124,390,0,-1,176,172,0.9772727272727273,67118,46
awesome-mcp-servers,punkpeye,Unknown,0.7287671232876712,923,0,-1,103,74,0.7184466019417476,67079,720
cs-self-learning,PKUFlyingPig,HTML,3.8438356164383563,297,5,-1,210,104,0.49523809523809526,66664,156
Chart.js,chartjs,JavaScript,12.441095890410958,3002,116,0,7266,6804,0.9364161849710982,66410,494
localsend,localsend,Dart,2.6876712328767125,667,24,-1,1432,645,0.4504189944134078,66397,216
obs-studio,obsproject,C,11.901369863013699,5242,223,-1,4608,3935,0.8539496527777778,66354,652
caddy,caddyserver,Go,10.616438356164384,2128,130,-1,4334,4156,0.9589293954776188,66342,345
ansible,ansible,Python,13.473972602739726,39195,162,0,33033,32478,0.983198619562256,66025,5578
awesome-cpp,fffaraz,Unknown,11.10958904109589,801,0,-1,583,237,0.4065180102915952,65837,421
tabby,Eugeny,TypeScript,8.67123287671233,1489,200,-1,5727,3419,0.5969966823817007,65666,146
uv,astral-sh,Rust,1.893150684931507,7211,209,-1,7391,5466,0.7395480990393722,65649,433
33-js-concepts,leonardomso,JavaScript,6.972602739726027,252,0,-1,103,81,0.7864077669902912,65533,194
webpack,webpack,JavaScript,13.463013698630137,5110,438,-1,10089,9970,0.9882049757161264,65494,841
servers,modelcontextprotocol,TypeScript,0.7589041095890411,891,19,-1,635,459,0.7228346456692913,65448,712
act,nektos,Go,6.6438356164383565,1049,88,-1,1281,1062,0.8290398126463701,65298,213
SecLists,danielmiessler,PHP,13.517808219178082,681,28,-1,298,292,0.9798657718120806,65135,306
AppFlowy,AppFlowy-IO,Dart,4.189041095890411,3886,111,-1,3622,2646,0.7305356156819437,65054,371
gpt4free,xtekky,Python,2.4054794520547946,820,337,-1,1868,1861,0.9962526766595289,64998,245
javascript-questions,lydiahallie,Unknown,6.2027397260273975,328,0,0,250,233,0.932,64786,205
lobe-chat,lobehub,TypeScript,2.26027397260274,2515,1000,-1,4344,3445,0.79304788213628,64764,262
awesome-scalability,binhnguyennus,Unknown,7.66027397260274,36,0,-1,0,0,0,64705,27
Stirling-PDF,Stirling-Tools,Java,2.5726027397260274,2220,135,-1,1395,1077,0.7720430107526882,64566,248
echarts,apache,TypeScript,12.397260273972602,1448,122,0,19089,17238,0.903033160458903,64439,269
interviews,kdn251,Java,8.526027397260274,42,0,-1,56,24,0.42857142857142855,64385,30
zed,zed-industries,Rust,4.506849315068493,16399,969,-1,14128,11510,0.8146942242355606,64292,1141
awesome-public-datasets,awesomedata,Unknown,10.764383561643836,188,1,0,118,48,0.4067796610169492,64153,156
lazygit,jesseduffield,Go,7.2684931506849315,1690,169,-1,2292,1596,0.6963350785340314,63950,331
nocode,kelseyhightower,Dockerfile,7.545205479452055,1,1,-1,4863,716,0.14723421756117622,63785,1
the-algorithm,twitter,Scala,2.410958904109589,2,0,0,1010,729,0.7217821782178218,63510,12
keras,keras-team,Python,10.413698630136986,4243,81,0,12528,12295,0.9814016602809706,63359,1342
anime,juliangarnier,JavaScript,9.452054794520548,79,22,-1,793,718,0.905422446406053,63357,48
scikit-learn,scikit-learn,Python,15.027397260273972,13465,47,-1,11655,10078,0.8646932646932647,63111,3073
ragflow,infiniflow,TypeScript,1.6986301369863013,3746,31,-1,4987,2303,0.4618006817726088,62933,335
design-resources-for-developers,bradtraversy,Unknown,5.301369863013699,949,0,-1,104,104,1.0,62818,441
Java,TheAlgorithms,Java,9.10958904109589,2020,0,-1,1108,1101,0.9936823104693141,62800,718
annotated_deep_learning_paper_implementations,labmlai,Python,4.997260273972603,101,0,-1,137,113,0.8248175182481752,62711,38
resume.github.com,resume,JavaScript,14.553424657534247,84,0,0,122,66,0.5409836065573771,62594,52
Apollo-11,chrislgarry,Assembly,11.397260273972602,343,0,-1,382,326,0.8534031413612565,62512,202
OpenHands,All-Hands-AI,Python,1.4465753424657535,5127,76,-1,3293,2954,0.897054357728515,62467,382
awesome-courses,prakhar1989,Unknown,10.778082191780822,194,0,-1,81,39,0.48148148148148145,62371,134
socket.io,socketio,TypeScript,15.463013698630137,435,75,0,3616,3423,0.9466261061946902,62325,388
awesome-nodejs,sindresorhus,Unknown,11.126027397260273,418,0,0,104,102,0.9807692307692307,62324,361
sway,FuelLabs,Rust,4.594520547945206,3502,178,0,3301,2452,0.7428052105422599,62166,160
awesome-llm-apps,Shubhamsaboo,Python,1.3178082191780822,132,0,-1,93,87,0.9354838709677419,61625,46
docusaurus,facebook,TypeScript,8.180821917808219,5482,151,-1,3319,3024,0.9111178065682435,61425,1273
redux,reduxjs,TypeScript,10.241095890410959,1720,78,0,2062,2024,0.9815712900096993,61310,997
Prompt-Engineering-Guide,dair-ai,MDX,2.6876712328767125,338,0,-1,223,71,0.3183856502242152,61027,192
lodash,lodash,JavaScript,13.386301369863014,581,2,0,4312,4228,0.9805194805194806,60871,299
atom,atom,JavaScript,13.6,3933,538,-1,17111,16148,0.9437204137689206,60581,486
Front-end-Developer-Interview-Questions,h5bp,Nunjucks,13.545205479452054,484,0,0,177,143,0.807909604519774,60522,236
architect-awesome,xingshaocheng,Unknown,7.3863013698630136,49,0,-1,71,22,0.30985915492957744,60403,37
open-interpreter,openinterpreter,Python,2.1123287671232878,369,48,-1,1025,797,0.7775609756097561,60335,124
localstack,localstack,Python,8.830136986301369,6235,94,0,6000,5759,0.9598333333333333,60225,616
alacritty,alacritty,Rust,9.517808219178082,1888,101,-1,6123,5800,0.9472480810060427,60064,449
llm-course,mlabonne,Unknown,2.186301369863014,1,0,-1,84,30,0.35714285714285715,60058,2
prometheus,prometheus,Go,12.753424657534246,7634,342,-1,6169,5646,0.9152212676284649,60042,1042
markdown-here,adam-p,JavaScript,13.287671232876713,27,17,-1,629,329,0.5230524642289348,60002,14
rustlings,rust-lang,Rust,9.945205479452055,915,46,-1,736,689,0.936141304347826,59724,428
ghidra,NationalSecurityAgency,Java,6.484931506849315,524,45,-1,5535,4071,0.7355013550135502,59615,326
jquery,jquery,JavaScript,16.4,812,11,0,2365,2286,0.9665961945031712,59549,290
nerd-fonts,ryanoasis,CSS,10.723287671232876,550,38,-1,1093,1062,0.9716376944190301,59285,211
shadowsocks-windows,shadowsocks,C#,12.613698630136986,290,55,-1,2912,2727,0.9364697802197802,58993,72
tldr,tldr-pages,Markdown,11.715068493150685,14716,6,-1,1526,1341,0.8787680209698558,58964,2732
angular.js,angular,JavaScript,15.638356164383561,789,0,0,9040,8649,0.9567477876106195,58756,1672
spring-framework,spring-projects,Java,14.717808219178082,871,341,0,27116,26830,0.9894527216403599,58709,977
llama,meta-llama,Python,2.5232876712328767,53,0,0,1096,652,0.5948905109489051,58672,57
scrapy,scrapy,Python,15.509589041095891,2392,43,-1,3182,2714,0.8529226901319925,58043,578
MetaGPT,FoundationAgents,Python,2.1506849315068495,660,22,-1,870,854,0.9816091954022989,58042,112
nuxt,nuxt,TypeScript,8.830136986301369,6902,256,0,16677,15889,0.9527492954368292,58005,876
leetcode-master,youngyangyang04,Shell,5.695890410958904,2306,0,0,272,66,0.2426470588235294,57913,699
uBlock,gorhill,JavaScript,10.402739726027397,252,277,-1,3445,3432,0.9962264150943396,57872,108
fuel-core,FuelLabs,Rust,4.991780821917808,1553,123,0,1112,970,0.8723021582733813,57552,68
rails,rails,Ruby,17.378082191780823,25158,149,-1,18199,17719,0.9736249244463981,57333,5164
html5-boilerplate,h5bp,JavaScript,15.58904109589041,790,34,0,1354,1346,0.9940915805022157,57131,257
awesome-flutter,Solido,Dart,8.301369863013699,444,0,-1,0,0,0,56945,328
LLaMA-Factory,hiyouga,Python,2.241095890410959,694,34,-1,7339,6751,0.9198800926556752,56634,201
nocodb,nocodb,TypeScript,7.821917808219178,5305,174,-1,4236,3609,0.8519830028328612,56590,317
private-gpt,zylon-ai,Python,2.3123287671232875,224,10,-1,1213,961,0.7922506183017313,56506,96
DeepLearning-500-questions,scutan90,JavaScript,7.161643835616438,302,0,0,191,81,0.42408376963350786,56477,106
drawio-desktop,jgraph,JavaScript,8.252054794520548,20,159,-1,1637,1573,0.9609040928527794,56431,15
you-get,soimort,Python,13.016438356164384,582,123,-1,0,0,0,56359,230
mkcert,FiloSottile,Go,7.167123287671233,52,14,-1,344,239,0.6947674418604651,56219,39
traefik,traefik,Go,9.95068493150685,4705,481,-1,6352,5711,0.8990869017632241,56185,875
git,git,C,17.095890410958905,3,0,-1,0,0,0,56169,1774
vllm,vllm-project,Python,2.536986301369863,8753,73,-1,10357,8574,0.8278459013227769,56112,1464
awesome-chatgpt-prompts-zh,PlexPt,Unknown,2.6986301369863015,33,0,-1,96,58,0.6041666666666666,56013,22
gatsby,gatsbyjs,JavaScript,10.265753424657534,18184,149,0,14119,13904,0.9847722926552872,55920,3961
openpilot,commaai,Python,8.75068493150685,11781,58,-1,3061,2930,0.957203528258739,55885,654
leetcode,azl397985856,JavaScript,7.405479452054794,257,40,0,257,248,0.9649805447470817,55577,81
Magisk,topjohnwu,Kotlin,8.961643835616439,1618,151,-1,6262,6225,0.9940913446183328,55451,294
react-router,remix-run,TypeScript,11.27945205479452,3194,311,0,8149,8049,0.9877285556510002,55401,1099
face_recognition,ageitgey,Python,8.479452054794521,94,2,-1,1370,595,0.4343065693430657,55305,51
yolov5,ultralytics,Python,5.2684931506849315,2207,10,-1,9430,9173,0.9727465535524921,55082,350
Real-Time-Voice-Cloning,CorentinJ,Python,6.249315068493151,48,0,0,1101,896,0.8138056312443234,54902,16
minio,minio,Go,10.613698630136986,9855,519,-1,7811,7776,0.9955191396748175,54771,505
gpt-engineer,AntonOsika,Python,2.3205479452054796,350,20,-1,501,470,0.93812375249501,54763,103
ripgrep,BurntSushi,Rust,9.457534246575342,516,72,-1,1711,1579,0.9228521332554062,54721,385
AFFiNE,toeverything,TypeScript,3.0657534246575344,8710,574,-1,3017,2733,0.90586675505469,54509,177
faceswap,deepfakes,Python,7.682191780821918,357,4,-1,881,847,0.9614074914869466,54435,90
zustand,pmndrs,TypeScript,6.3780821917808215,808,98,-1,690,688,0.9971014492753624,54290,340
element,ElemeFE,Vue,8.975342465753425,3231,145,1,17864,15250,0.8536721898790864,54241,600
bat,sharkdp,Rust,7.345205479452055,1468,41,-1,1518,1193,0.7859025032938076,54090,379
ChatGPT,lencx,Rust,2.712328767123288,123,34,0,1200,361,0.30083333333333334,54047,29
project-layout,golang-standards,Makefile,7.958904109589041,90,0,-1,112,44,0.39285714285714285,53565,76
awesome-android-ui,wasabeef,Unknown,10.67123287671233,90,0,-1,114,94,0.8245614035087719,53472,73
rich,Textualize,Python,5.789041095890411,836,170,0,1430,1223,0.8552447552447553,53435,265
normalize.css,necolas,CSS,14.315068493150685,56,0,-1,517,461,0.8916827852998066,53364,44
hackingtool,Z4nzu,Python,5.36986301369863,56,0,-1,373,321,0.8605898123324397,53348,36
requests,psf,Python,14.534246575342467,1591,14,0,4061,3861,0.950751046540261,53199,649
maybe,maybe-finance,Ruby,1.643835616438356,1073,28,-1,0,0,0,53158,148
pi-hole,pi-hole,Shell,11.216438356164383,2106,118,-1,3082,3043,0.9873458792991564,53036,236
astro,withastro,TypeScript,4.443835616438356,7328,1000,-1,5568,5421,0.9735991379310345,52986,945
PaddleOCR,PaddlePaddle,Python,5.295890410958904,2961,24,-1,9902,9764,0.9860634215310038,52944,293
meilisearch,meilisearch,Rust,7.33972602739726,2148,266,-1,2308,2097,0.908578856152513,52899,197
FFmpeg,FFmpeg,C,14.36986301369863,16,0,-1,0,0,0,52502,1438
appwrite,appwrite,TypeScript,6.380821917808219,3847,112,-1,4091,3464,0.8467367391835737,52431,359
rclone,rclone,Go,11.446575342465753,2119,115,0,5791,4820,0.8323260231393542,52220,828
awesome-rust,rust-unofficial,Rust,11.10958904109589,1570,0,-1,142,132,0.9295774647887324,52212,978
github-cheat-sheet,tiimgreen,Unknown,11.372602739726027,129,0,-1,71,48,0.676056338028169,52141,82
material-design-icons,google,Unknown,10.882191780821918,50,16,-1,1531,1159,0.7570215545395167,52002,45
ionic-framework,ionic-team,TypeScript,12.016438356164384,6304,914,-1,22058,21482,0.9738870251156043,51999,510
dive,wagoodman,Go,7.284931506849315,164,28,-1,359,202,0.5626740947075209,51796,78
pdf.js,mozilla,JavaScript,14.336986301369864,8093,76,0,10277,9873,0.9606889169991243,51657,405
segment-anything,facebookresearch,Jupyter Notebook,2.421917808219178,15,0,-1,703,178,0.2532005689900427,51621,87
crawl4ai,unclecode,Python,1.2904109589041095,89,8,-1,796,648,0.8140703517587939,51456,50
firecrawl,firecrawl,TypeScript,1.356164383561644,821,23,-1,681,533,0.7826725403817915,51421,104
core,vuejs,TypeScript,7.2027397260273975,3236,246,0,5776,5105,0.8838296398891967,51378,567
Docker-OSX,sickcodes,Shell,5.221917808219178,107,0,-1,667,282,0.42278860569715143,51235,50
Semantic-UI,Semantic-Org,JavaScript,12.383561643835616,355,154,-1,6235,5268,0.8449077786688052,51194,208
kotlin,JetBrains,Kotlin,13.534246575342467,2064,266,-1,0,0,0,51140,785
trackerslist,ngosang,Unknown,9.336986301369864,1,0,-1,485,479,0.9876288659793815,51103,2
OpenBB,OpenBB-finance,Python,4.676712328767123,4114,46,-1,2245,2208,0.9835189309576837,51087,246
guava,google,Java,11.243835616438357,1013,56,-1,3620,2992,0.8265193370165745,51035,326
marktext,marktext,JavaScript,7.7835616438356166,939,36,0,2914,1637,0.561770761839396,51028,144
joplin,laurent22,TypeScript,8.605479452054794,4411,386,-1,7255,6710,0.9248793935217091,50942,670
prettier,prettier,JavaScript,8.736986301369862,8876,127,0,6958,5737,0.8245185398102903,50867,741
starship,starship,Rust,6.397260273972603,2901,135,-1,2510,1774,0.7067729083665338,50717,609
powerlevel10k,romkatv,Shell,6.498630136986302,167,33,-1,2572,2466,0.9587869362363919,50630,275
jekyll,jekyll,Ruby,16.852054794520548,3188,112,-1,4897,4781,0.9763120277721054,50515,1091
grok-1,xai-org,Python,1.4356164383561645,5,0,-1,0,0,0,50408,289
Ghost,TryGhost,JavaScript,12.312328767123288,14280,903,-1,7132,7066,0.9907459338194055,50386,694
gitea,go-gitea,Go,8.813698630136987,17781,216,0,14900,12303,0.8257046979865772,50283,1491
GPT-SoVITS,RVC-Boss,Python,1.6082191780821917,338,4,-1,1893,1178,0.6222926571579503,50279,87
DefinitelyTyped,DefinitelyTyped,TypeScript,12.89041095890411,52119,1,-1,8088,7521,0.9298961424332344,50233,9959
ImHex,WerWolv,C++,4.786301369863014,671,80,-1,1418,1182,0.8335684062059239,50220,166
etcd,etcd-io,Go,12.139726027397261,9795,259,0,7004,6823,0.9741576242147344,50131,927
pocketbase,pocketbase,Go,3.136986301369863,54,221,-1,1840,1821,0.9896739130434783,50033,58
first-contributions,firstcontributions,Unknown,8.92876712328767,86178,0,-1,933,909,0.9742765273311897,50017,9981
chinese-poetry,chinese-poetry,JavaScript,8.978082191780821,137,1,-1,211,92,0.43601895734597157,49963,64
bulma,jgthms,CSS,9.586301369863014,642,22,0,2724,2394,0.8788546255506607,49909,383
awesome-ios,vsouza,Swift,11.128767123287671,2233,0,-1,488,486,0.9959016393442623,49698,874
cline,cline,TypeScript,1.1315068493150684,1674,147,-1,2248,1753,0.7798042704626335,49627,224
go-ethereum,ethereum,Go,11.665753424657535,8252,219,-1,8487,8283,0.9759632378932485,49611,1187
hiring-without-whiteboards,poteto,JavaScript,8.446575342465753,1300,0,0,0,0,0,49174,1021
OpenManus,FoundationAgents,Python,0.4657534246575342,106,3,-1,705,313,0.44397163120567373,49172,55
autogen,microsoft,Python,2.0164383561643837,2499,97,-1,2856,2463,0.8623949579831933,49024,563
Motrix,agalwood,JavaScript,6.684931506849315,192,21,-1,1340,593,0.4425373134328358,48965,69
mastodon,mastodon,Ruby,9.506849315068493,17716,289,0,12256,8234,0.6718342036553525,48893,964
cypress,cypress-io,TypeScript,10.479452054794521,7372,373,0,15088,13780,0.9133085896076352,48832,521
awesome-wechat-weapp,justjavac,Unknown,8.923287671232877,277,0,-1,0,0,0,48769,180
30-Days-Of-Python,Asabeneh,Python,5.764383561643836,61,0,-1,135,79,0.5851851851851851,48719,16
hacker-scripts,NARKOZ,JavaScript,9.761643835616438,63,0,-1,88,53,0.6022727272727273,48654,48
vaultwarden,dani-garcia,Rust,7.517808219178082,993,73,-1,2365,2353,0.9949260042283298,48292,168
alist,AlistGo,Go,4.668493150684932,860,137,-1,4347,3799,0.8739360478490913,48289,177
anything-llm,Mintplex-Labs,JavaScript,2.221917808219178,1072,20,-1,2753,2494,0.9059208136578278,48259,168
RxJava,ReactiveX,Java,12.63013698630137,3329,241,0,3171,3159,0.9962157048249763,48255,317
PowerShell,PowerShell,C#,9.616438356164384,7550,186,-1,13018,11918,0.9155016131510216,48255,474
dayjs,iamkun,JavaScript,7.375342465753425,694,119,0,1771,849,0.47939017504234893,48158,331
moment,moment,JavaScript,14.490410958904109,714,0,-1,4154,3911,0.9415021665864227,48091,599
100-Days-Of-ML-Code,Avik-Jain,Unknown,7.13972602739726,6,0,0,0,0,0,48023,7
professional-programming,charlax,Python,9.8,39,0,0,29,29,1.0,47948,35
algorithm-visualizer,algorithm-visualizer,JavaScript,9.27945205479452,183,0,-1,118,76,0.6440677966101694,47660,26
ChinaTextbook,TapXWorld,Roff,5.635616438356164,1,0,-1,112,53,0.4732142857142857,47577,2
julia,JuliaLang,Julia,14.35068493150685,25827,181,0,25365,21385,0.8430908732505421,47532,1553
big-list-of-naughty-strings,minimaxir,Python,10.04931506849315,90,0,-1,101,32,0.31683168316831684,47386,70
huginn,huginn,Ruby,12.463013698630137,1043,1,-1,2170,1569,0.7230414746543778,47115,230
json,nlohmann,C++,12.145205479452056,901,45,0,2339,2298,0.9824711415134673,46945,306
ladybird,LadybirdBrowser,C++,1.2328767123287672,4250,0,-1,1143,642,0.5616797900262467,46916,1196
serverless,serverless,JavaScript,10.347945205479451,4717,454,0,6518,5385,0.8261736729057994,46841,1009
gogs,gogs,Go,11.534246575342467,1766,84,-1,5158,4223,0.8187281892206282,46804,494
Projects,karan,Unknown,12.145205479452056,19,0,0,83,35,0.42168674698795183,46764,15
design-patterns-for-humans,kamranahmedse,Unknown,8.520547945205479,50,0,0,52,47,0.9038461538461539,46752,46
x64dbg,x64dbg,C++,10.375342465753425,744,4,-1,2631,2025,0.7696693272519954,46739,137
okhttp,square,Kotlin,13.093150684931507,3765,0,-1,4182,4132,0.9880439980870397,46606,313
react,typescript-cheatsheets,JavaScript,7.23013698630137,371,0,0,222,221,0.9954954954954955,46563,193
pandas,pandas-dev,Python,15.008219178082191,26923,112,0,27669,24084,0.8704326141168817,46378,3482
query,TanStack,TypeScript,5.956164383561644,2894,1000,-1,2167,2102,0.9700046146746655,46359,982
type-challenges,type-challenges,TypeScript,5.087671232876712,588,0,-1,36333,3846,0.10585418214846008,46323,279
v2ray-core,v2ray,Go,9.975342465753425,203,247,-1,2591,2584,0.9972983404091085,46302,86
open-source-ios-apps,dkhamsing,Unknown,10.580821917808219,1412,37,-1,310,310,1.0,46222,363
terraform,hashicorp,Go,11.454794520547946,12789,378,-1,21412,19676,0.918923967868485,46213,2984
learn-regex,ziishaned,Unknown,8.093150684931507,131,0,0,87,35,0.40229885057471265,46067,104
Fooocus,lllyasviel,Python,2.041095890410959,447,21,-1,1611,1400,0.8690254500310366,46065,59
quill,slab,TypeScript,13.073972602739726,381,95,0,3775,3267,0.8654304635761589,45989,145
lx-music-desktop,lyswhut,TypeScript,6.03013698630137,86,110,-1,2193,1236,0.5636114911080712,45865,15
htmx,bigskysoftware,JavaScript,5.364383561643836,956,26,-1,1573,1005,0.638906547997457,45761,431
lazydocker,jesseduffield,Go,6.271232876712329,186,42,-1,362,190,0.5248618784530387,45745,75
pixijs,pixijs,TypeScript,12.594520547945205,3684,293,-1,5986,5750,0.9605746742398931,45603,492
kubernetes-the-hard-way,kelseyhightower,Unknown,9.134246575342466,73,0,-1,428,415,0.969626168224299,45527,51
awesome-react-components,brillout,Unknown,9.169863013698631,324,0,-1,52,44,0.8461538461538461,45276,250
PythonDataScienceHandbook,jakevdp,Jupyter Notebook,9.04109589041096,28,0,-1,203,78,0.3842364532019704,45273,15
architecture-samples,android,Kotlin,9.553424657534247,232,0,0,486,348,0.7160493827160493,45254,68
jadx,skylot,Java,12.441095890410958,577,31,-1,1918,1528,0.7966631908237748,45209,135
odoo,odoo,Python,11.287671232876713,6181,0,0,18398,15108,0.8211762148059571,45202,3290
typst,typst,Rust,5.917808219178082,1828,22,-1,3484,2576,0.7393800229621125,45062,361
jest,jestjs,TypeScript,11.70958904109589,5701,208,-1,8115,7863,0.9689463955637708,44988,1576
dbeaver,dbeaver,Java,9.846575342465753,6124,230,-1,19369,16325,0.8428416541896846,44965,379
30-Days-Of-JavaScript,Asabeneh,JavaScript,5.671232876712328,98,0,0,174,59,0.3390804597701149,44960,41
AdminLTE,ColorlibHQ,CSS,11.668493150684931,1545,77,0,2887,2747,0.9515067544163491,44943,107
open-source-mac-os-apps,serhii-londar,Unknown,7.808219178082192,525,0,-1,211,161,0.7630331753554502,44942,282
discourse,discourse,Ruby,12.61917808219178,30081,0,-1,0,0,0,44885,943
awesome-java,akullpp,Unknown,11.131506849315068,715,0,0,136,136,1.0,44802,382
text-generation-webui,oobabooga,Python,2.673972602739726,1183,80,-1,4005,1429,0.3568039950062422,44787,361
ultralytics,ultralytics,Python,2.9506849315068493,3515,258,-1,11662,11417,0.9789915966386554,44699,472
meteor,meteor,JavaScript,13.602739726027398,2537,0,0,9206,8947,0.9718661742341951,44682,769
frontend-dev-bookmarks,dypsilon,Unknown,12.178082191780822,129,1,-1,107,82,0.7663551401869159,44656,102
brew,Homebrew,Ruby,9.471232876712328,13014,443,-1,4805,4788,0.9964620187304891,44613,1052
unsloth,unslothai,Python,1.7342465753424658,481,16,-1,2454,1737,0.7078239608801956,44573,109
zx,google,JavaScript,4.304109589041096,552,96,0,490,476,0.9714285714285714,44512,78
coolify,coollabsio,PHP,4.578082191780822,1646,619,-1,2798,2232,0.7977126518942101,44505,442
termux-app,termux,Java,9.841095890410958,162,95,-1,2926,2521,0.8615857826384142,44384,83
hyper,vercel,TypeScript,9.150684931506849,3291,88,0,3814,2872,0.7530152071316204,44197,342
v2rayNG,2dust,Kotlin,6.279452054794521,498,256,-1,3418,3409,0.997366881217086,44120,68
CppCoreGuidelines,isocpp,CSS,10.01917808219178,812,4,-1,1211,964,0.7960363336085879,44108,336
parcel,parcel-bundler,JavaScript,8.04931506849315,2591,48,0,5487,5009,0.9128850009112448,43935,417
llama_index,run-llama,Python,2.808219178082192,7020,405,-1,6618,6404,0.9676639468117256,43860,1654
awesome-design-patterns,DovAmir,Unknown,7.2246575342465755,30,0,-1,15,5,0.3333333333333333,43825,29
awesome-cheatsheets,LeCoupa,JavaScript,7.791780821917809,169,0,-1,96,59,0.6145833333333334,43824,134
memos,usememos,Go,3.7095890410958905,1796,80,-1,2467,2442,0.9898662342926632,43802,324
nanoGPT,karpathy,Python,2.654794520547945,45,0,-1,337,109,0.32344213649851633,43799,37
build-web-application-with-golang,astaxie,Go,13.065753424657535,757,0,0,304,183,0.6019736842105263,43775,375
acme.sh,acmesh-official,Shell,9.665753424657535,1422,44,0,3318,2240,0.6751054852320675,43748,522
react-hook-form,react-hook-form,TypeScript,6.471232876712329,2071,585,0,4835,4761,0.9846949327817994,43721,353
babel,babel,TypeScript,10.90958904109589,6288,442,0,8996,8401,0.933859493108048,43703,1146
monaco-editor,microsoft,JavaScript,9.216438356164383,467,91,-1,3834,3154,0.8226395409494001,43701,298
TensorFlow-Examples,aymericdamien,Jupyter Notebook,9.789041095890411,88,0,0,237,70,0.29535864978902954,43696,66
retrofit,square,HTML,14.972602739726028,1186,4,0,2748,2621,0.9537845705967977,43687,190
JeecgBoot,jeecgboot,Java,6.745205479452054,122,61,-1,7586,7558,0.9963089902451885,43686,23
fuels-rs,FuelLabs,Rust,3.813698630136986,899,117,1,658,609,0.925531914893617,43633,60
fuels-ts,FuelLabs,TypeScript,3.9726027397260273,1969,154,1,1456,1398,0.9601648351648352,43618,71
prisma,prisma,TypeScript,6.1808219178082195,6351,223,0,11362,9050,0.7965146981165288,43571,306
grpc,grpc,C++,10.715068493150685,20039,355,-1,11794,11118,0.9426827200271325,43539,950
front-end-interview-handbook,yangshun,MDX,7.6136986301369864,346,0,0,101,91,0.900990099009901,43463,192
Leaflet,Leaflet,JavaScript,14.92876712328767,3115,33,-1,5278,4883,0.925161045850701,43459,863
react-use,streamich,TypeScript,6.8273972602739725,1532,256,0,598,244,0.4080267558528428,43448,173
metabase,metabase,Clojure,10.561643835616438,34121,678,-1,23070,19496,0.8450801907238839,43372,457
Rocket.Chat,RocketChat,TypeScript,10.271232876712329,14483,1000,0,16354,13777,0.8424238718356365,43257,916
pyenv,pyenv,Roff,12.986301369863014,975,132,-1,1858,1805,0.9714747039827771,42973,435
edex-ui,GitSquared,JavaScript,8.572602739726028,399,29,-1,559,553,0.9892665474060823,42960,55
Flowise,FlowiseAI,TypeScript,2.4,1329,73,-1,2251,1629,0.7236783651710351,42927,251
jellyfin,jellyfin,C#,6.7095890410958905,4820,91,-1,7281,6885,0.9456118665018541,42868,1287
reactjs-interview-questions,sudheerj,JavaScript,7.235616438356164,162,0,0,110,107,0.9727272727272728,42835,112
whisper.cpp,ggml-org,C++,2.9123287671232876,863,27,-1,1749,832,0.47570040022870214,42613,613
expo,expo,TypeScript,9.027397260273972,17946,0,-1,16989,16565,0.9750426746718465,42613,1643
nvm-windows,coreybutler,Go,10.931506849315069,107,23,-1,927,847,0.9137001078748651,42511,80
ClickHouse,ClickHouse,C++,9.23013698630137,50455,672,-1,25007,20553,0.8218898708361658,42492,1935
pm2,Unitech,JavaScript,12.265753424657534,551,128,0,5080,4078,0.802755905511811,42476,283
git-flight-rules,k88hudson,Unknown,11.095890410958905,225,0,-1,73,55,0.7534246575342466,42423,126
MinerU,opendatalab,Python,1.4821917808219178,1026,121,-1,1686,1553,0.9211150652431791,42383,64
Made-With-ML,GokuMohandas,Jupyter Notebook,6.802739726027397,147,0,-1,74,58,0.7837837837837838,42314,2
TTS,coqui-ai,Python,5.263013698630137,465,98,-1,1191,1185,0.9949622166246851,42211,143
what-happens-when,alex,Unknown,11.8,108,0,-1,292,53,0.1815068493150685,42192,71
Alamofire,Alamofire,Swift,11.07123287671233,650,102,-1,2800,2758,0.985,42053,261
python-patterns,faif,Python,13.221917808219178,273,0,0,93,83,0.8924731182795699,41975,113
ruff,astral-sh,Rust,3.041095890410959,11192,376,-1,7132,5621,0.7881379697139652,41896,702
CPlusPlusThings,Light-City,C++,6.115068493150685,72,0,-1,228,218,0.956140350877193,41868,51
sentry,getsentry,Python,14.991780821917809,72741,154,0,15744,13593,0.8633765243902439,41795,881
spark,apache,Scala,11.498630136986302,8,0,-1,0,0,0,41740,2198
airflow,apache,Python,10.36986301369863,29388,103,-1,12453,11178,0.8976150325222838,41699,3423
iina,iina,Swift,8.682191780821919,851,45,-1,4187,2427,0.579651301647958,41641,135
stablediffusion,Stability-AI,Python,2.747945205479452,17,0,-1,324,76,0.2345679012345679,41613,20
kong,Kong,Lua,10.76986301369863,6478,145,0,4558,4491,0.9853005704256252,41598,411
EasySpider,NaiboWang,JavaScript,5.101369863013699,40,10,-1,713,485,0.6802244039270687,41596,5
freqtrade,freqtrade,Python,8.271232876712329,5895,100,-1,5332,5305,0.9949362340585146,41584,311
yarn,yarnpkg,JavaScript,9.6,1654,152,0,6606,4731,0.7161671207992734,41559,528
cobra,spf13,Go,11.978082191780821,614,24,0,1212,986,0.8135313531353136,41526,315
tldraw,tldraw,TypeScript,4.293150684931507,3557,81,-1,1743,1516,0.8697647733792312,41427,202
diagrams,mingrammer,Python,5.558904109589041,329,44,0,533,222,0.4165103189493433,41372,170
swiper,nolimits4web,JavaScript,13.452054794520548,604,87,0,5752,5537,0.9626216968011126,41332,318
ailearning,apachecn,Python,8.495890410958904,478,2,0,115,112,0.9739130434782609,41301,45
dubbo,apache,Java,13.186301369863013,5786,111,-1,7276,6476,0.8900494777350192,41240,664
bevy,bevyengine,Rust,5.6,6205,43,-1,7215,4832,0.6697158697158697,41187,1302
Pake,tw93,JavaScript,2.8602739726027395,100,32,-1,403,385,0.9553349875930521,41157,44
vue2-elm,bailicangdu,Vue,8.67123287671233,21,0,1,630,512,0.8126984126984127,41150,14
chinese-independent-developer,1c7,Unknown,7.926027397260274,316,0,-1,203,200,0.9852216748768473,41130,208
ChatGLM-6B,zai-org,Python,2.4493150684931506,48,0,-1,1308,751,0.5741590214067278,41115,44
ColossalAI,hpcaitech,Python,3.8219178082191783,3699,50,0,1725,1298,0.7524637681159421,41108,188
jsoncrack.com,AykutSarac,TypeScript,3.5643835616438357,85,22,-1,266,234,0.8796992481203008,41063,34
uni-app,dcloudio,JavaScript,7.120547945205479,459,0,-1,4924,4233,0.8596669374492283,41061,52
streamlit,streamlit,Python,6.002739726027397,5665,105,-1,5400,4293,0.795,41043,289
nw.js,nwjs,JavaScript,13.643835616438356,575,0,-1,7399,6477,0.8753885660224354,41036,111
spotube,KRTirtho,Dart,4.523287671232877,246,40,-1,1864,1082,0.5804721030042919,41031,76
awesome-compose,docker,HTML,5.528767123287671,149,0,-1,127,40,0.31496062992125984,40941,88
styled-components,styled-components,TypeScript,9.024657534246575,966,176,0,2953,2651,0.8977311208940061,40884,375
black,psf,Python,7.449315068493151,1585,46,0,2723,2394,0.8791773778920309,40844,466
vuetify,vuetifyjs,TypeScript,8.95068493150685,4392,605,0,14906,14403,0.9662551992486247,40694,1059
zig,ziglang,Zig,10.054794520547945,9181,20,-1,13115,9706,0.7400686237133054,40678,1065
hexo,hexojs,TypeScript,12.923287671232877,945,114,0,3985,3912,0.98168130489335,40673,192
TrafficMonitor,zhongyang219,C++,8.07123287671233,63,26,-1,1885,713,0.37824933687002654,40594,44
fastlane,fastlane,Ruby,10.73150684931507,6234,552,0,13188,12501,0.9479071883530482,40430,1313
cli,cli,Go,5.8931506849315065,2605,175,-1,5146,4310,0.8375437232802176,40398,572
fanqiang,bannedbook,Kotlin,10.613698630136986,3,3,-1,796,467,0.5866834170854272,40305,3
mitmproxy,mitmproxy,Python,15.526027397260274,2632,76,-1,3561,3228,0.9064869418702611,40259,516
Summer2026-Internships,SimplifyJobs,Unknown,5.254794520547946,1673,0,-1,3702,3698,0.9989195029713668,40207,822
GitHubDaily,GitHubDaily,Unknown,6.652054794520548,3,0,-1,578,176,0.3044982698961938,40058,4
pure-bash-bible,dylanaraps,Shell,7.2,28,0,0,77,33,0.42857142857142855,40013,21
tabler,tabler,HTML,7.561643835616438,722,51,0,1091,1004,0.9202566452795601,39963,132
cheat.sh,chubin,Python,8.301369863013699,129,0,0,258,133,0.5155038759689923,39933,57
WeChatMsg,LC044,Unknown,2.6164383561643834,62,0,-1,0,0,0,39919,3
DeepSpeed,deepspeedai,Python,5.586301369863014,2747,98,0,3178,2083,0.6554436752674638,39842,438
penpot,penpot,Clojure,9.657534246575343,4520,59,-1,1920,1429,0.7442708333333333,39820,207
AI-For-Beginners,microsoft,Jupyter Notebook,4.476712328767123,177,0,-1,133,107,0.8045112781954887,39754,129
zod,colinhacks,TypeScript,5.465753424657534,841,180,-1,2709,2522,0.9309708379475822,39645,458
50projects50days,bradtraversy,CSS,4.76986301369863,44,0,0,0,0,0,39608,39
gradio,gradio-app,Python,6.682191780821918,4752,1000,-1,5932,5502,0.9275118004045853,39608,435
chakra-ui,chakra-ui,TypeScript,6.021917808219178,2811,1000,0,4149,4149,1.0,39580,700
helix,helix-editor,Rust,5.23013698630137,4249,30,-1,5385,4544,0.8438254410399257,39572,1134
awesome-remote-job,lukasz-madon,Unknown,10.646575342465754,592,0,-1,80,75,0.9375,39531,441
ai-hedge-fund,virattt,Python,0.7315068493150685,33,0,-1,217,198,0.9124423963133641,39510,30
slidev,slidevjs,TypeScript,4.3342465753424655,711,394,-1,1215,1073,0.8831275720164609,39502,300
bert,google-research,Python,6.832876712328767,32,0,0,1145,355,0.31004366812227074,39443,29
wrk,wg,C,13.435616438356165,0,0,0,406,262,0.645320197044335,39413,1
php-src,php,C,14.197260273972603,4260,23,-1,4332,3503,0.8086334256694367,39393,1009
zju-icicles,QSCTech,HTML,9.158904109589042,224,0,-1,78,69,0.8846153846153846,39384,166
MoneyPrinterTurbo,harry0703,Python,1.452054794520548,136,9,-1,573,393,0.6858638743455497,39377,24
legado,gedoor,Kotlin,6.260273972602739,1134,115,-1,2971,2927,0.985190171659374,39367,69
fd,sharkdp,Rust,8.295890410958904,651,40,-1,917,787,0.8582333696837514,39283,178
winutil,ChrisTitusTech,PowerShell,3.3232876712328765,846,22,-1,1904,1707,0.8965336134453782,39279,206
esbuild,evanw,Go,9.197260273972603,246,301,0,3762,3247,0.8631047315257842,39254,115
Deep-Learning-Papers-Reading-Roadmap,floodsung,Python,8.863013698630137,28,0,-1,57,5,0.08771929824561403,39232,26
upscayl,upscayl,TypeScript,3.0684931506849313,100,29,-1,952,894,0.9390756302521008,39224,41
English-level-up-tips,byoungd,HTML,8.238356164383562,26,0,-1,101,72,0.7128712871287128,39175,24
video.js,videojs,JavaScript,15.287671232876713,1801,332,0,5385,4807,0.8926648096564531,39063,468
FastChat,lm-sys,Python,2.4328767123287673,849,14,-1,1900,1066,0.5610526315789474,39019,263
materialize,Dogfalo,JavaScript,10.953424657534246,449,41,0,5222,4599,0.8806970509383378,38964,255
tidb,pingcap,Go,9.96986301369863,33109,210,-1,21300,17255,0.810093896713615,38918,934
pandoc,jgm,Haskell,15.438356164383562,1684,147,-1,7989,7018,0.8784578795844286,38898,542
vim,vim,Vim Script,10.021917808219179,440,0,-1,8924,7413,0.830681308830121,38817,596
gorm,go-gorm,Go,11.835616438356164,753,5,-1,6004,5548,0.9240506329113924,38740,422
mem0,mem0ai,Python,2.1780821917808217,1673,265,-1,1094,747,0.6828153564899452,38653,221
tmux,tmux,C,10.23013698630137,1,37,-1,3719,3662,0.9846732992739984,38647,7
curl,curl,C,15.443835616438356,198,91,-1,5156,5147,0.9982544608223429,38626,1157
remote-jobs,remoteintech,JavaScript,9.868493150684932,1283,0,-1,190,168,0.8842105263157894,38624,869
ray,ray-project,Python,8.832876712328767,27171,108,-1,20933,18225,0.8706348827210625,38603,1239
chatgpt-on-wechat,zhayujie,Python,3.0465753424657533,261,63,-1,1999,1699,0.8499249624812406,38575,79
aria2,aria2,C++,14.747945205479452,253,24,0,1891,824,0.4357482813326282,38532,67
styleguide,google,HTML,10.26849315068493,194,0,0,355,239,0.6732394366197183,38437,111
RSSHub,DIYgod,TypeScript,7.397260273972603,11065,0,-1,6095,5742,0.9420836751435603,38425,1256
daisyui,saadeghi,Svelte,4.736986301369863,426,100,-1,1973,1927,0.9766852508869741,38404,277
bark,suno-ai,Jupyter Notebook,2.3808219178082193,19,0,-1,469,239,0.509594882729211,38404,16
quivr,QuivrHQ,Python,2.282191780821918,1819,354,0,1535,1533,0.9986970684039088,38327,116
trpc,trpc,TypeScript,5.101369863013699,3711,218,-1,1283,1139,0.8877630553390491,38294,478
phaser,phaserjs,JavaScript,12.372602739726027,1729,172,-1,4553,4474,0.9826488029870415,38292,574
plane,makeplane,TypeScript,2.7616438356164386,5599,48,-1,1316,870,0.6610942249240122,38292,141
Files,files-community,C#,6.638356164383562,5337,123,-1,10607,10108,0.9529555953615537,38253,287
photoprism,photoprism,Go,7.575342465753424,812,78,-1,2382,1957,0.8215785054575987,38178,182
logseq,logseq,Clojure,5.254794520547946,3066,150,-1,7919,6698,0.8458138653870438,38143,285
MPAndroidChart,PhilJay,Java,11.336986301369864,191,44,0,4964,2899,0.5840048348106366,38093,71
free,freefq,Unknown,5.213698630136986,0,0,-1,749,216,0.2883845126835781,38085,2
impress.js,impress,JavaScript,13.663013698630136,120,15,0,483,431,0.8923395445134575,38049,84
leveldb,google,C++,10.997260273972604,64,21,-1,777,537,0.6911196911196911,38029,72
shellcheck,koalaman,Haskell,12.772602739726027,306,30,-1,2849,1718,0.603018603018603,37972,159
preact,preactjs,JavaScript,9.956164383561644,1921,231,-1,1894,1839,0.970960929250264,37899,342
appsmith,appsmithorg,TypeScript,5.1506849315068495,13948,290,-1,23572,19229,0.8157559816731715,37771,338
ccxt,ccxt,Python,8.282191780821918,13372,173,-1,10920,10098,0.9247252747252748,37730,716
cal.com,calcom,TypeScript,4.424657534246576,10534,511,-1,8105,6958,0.8584824182603331,37702,814
Awesome-Design-Tools,goabstract,JavaScript,6.531506849315068,283,0,-1,45,25,0.5555555555555556,37648,220
novu,novuhq,TypeScript,3.9945205479452053,6013,50,-1,1620,1398,0.8629629629629629,37642,425
ChatTTS,2noise,Python,1.2410958904109588,214,6,-1,656,587,0.8948170731707317,37607,52
python-cheatsheet,gto76,Python,7.580821917808219,14,0,-1,65,60,0.9230769230769231,37591,12
system-design,karanpratapsingh,Unknown,3.0246575342465754,11,0,-1,22,21,0.9545454545454546,37566,10
freecodecamp.cn,FreeCodeCampChina,CSS,8.901369863013699,55,0,-1,586,445,0.7593856655290102,37462,310
Free-Certifications,cloudcommunity,Unknown,5.065753424657534,114,0,-1,106,69,0.6509433962264151,37455,78
Open-Assistant,LAION-AI,Python,2.695890410958904,1614,127,0,1645,1417,0.8613981762917933,37454,311
fiber,gofiber,Go,5.605479452054794,1810,127,-1,1570,1492,0.9503184713375796,37453,403
ant-design-pro,ant-design,TypeScript,8.0,1008,26,0,9754,9601,0.9843141275374205,37434,359
jan,menloresearch,TypeScript,2.0191780821917806,2679,87,-1,2852,2723,0.9547685834502104,37383,106
data-engineer-handbook,DataExpert-io,Jupyter Notebook,1.7616438356164383,171,0,-1,77,64,0.8311688311688312,37253,128
tutorials,eugenp,Java,12.326027397260274,13371,0,0,789,772,0.9784537389100126,37237,1072
lapce,lapce,Rust,7.5479452054794525,1171,32,-1,1977,1177,0.5953464845725848,37201,171
istio,istio,Go,8.764383561643836,28443,393,0,21159,20696,0.9781180585093814,37181,1181
devdocs,freeCodeCamp,Ruby,11.838356164383562,926,0,-1,1230,1039,0.8447154471544716,37128,263
full-stack-fastapi-template,fastapi,TypeScript,6.501369863013698,411,10,0,430,260,0.6046511627906976,37098,68
payload,payloadcms,TypeScript,4.632876712328767,5827,522,-1,3747,3363,0.8975180144115292,37083,431
tesseract.js,naptha,JavaScript,10.172602739726027,195,56,0,726,695,0.9573002754820936,37058,79
windows,dockur,Shell,1.6082191780821917,411,104,-1,836,738,0.8827751196172249,37050,20
GFPGAN,TencentARC,Python,4.432876712328767,14,8,0,499,134,0.2685370741482966,37011,18
aspnetcore,dotnet,C#,11.46027397260274,17777,258,0,37614,34090,0.9063114797681714,36999,3415
insomnia,Kong,TypeScript,9.33972602739726,3354,525,-1,3877,3196,0.8243487232396183,36981,378
interview_internal_reference,0voice,Python,6.208219178082191,35,0,2,49,19,0.3877551020408163,36976,27
docs,inkonchain,MDX,1.295890410958904,393,0,0,33,13,0.3939393939393939,36931,45
wtfjs,denysdovhan,JavaScript,8.115068493150686,125,25,0,117,95,0.811965811965812,36926,84
aider,Aider-AI,Python,2.293150684931507,263,93,-1,3696,2693,0.7286255411255411,36907,156
node,inkonchain,Shell,1.2794520547945205,35,6,0,24,13,0.5416666666666666,36894,18
googletest,google,C++,10.07945205479452,813,11,-1,2323,1979,0.8519156263452432,36852,435
taro,NervJS,TypeScript,7.380821917808219,3392,200,0,12566,11037,0.8783224574247971,36840,604
ink-kit,inkonchain,TypeScript,0.8,90,0,0,5,3,0.6,36800,14
siyuan,siyuan-note,TypeScript,4.983561643835617,483,812,-1,14929,14526,0.9730055596490053,36784,80
milvus,milvus-io,Go,5.93972602739726,22792,129,-1,14054,13473,0.9586594563825246,36755,283
faiss,facebookresearch,C++,8.545205479452054,137,20,-1,2674,2442,0.9132385938668661,36743,269
deeplearningbook-chinese,exacity,TeX,8.715068493150685,16,7,-1,203,139,0.6847290640394089,36685,16
halo,halo-dev,Java,7.4301369863013695,2615,226,-1,4323,4028,0.9317603516076799,36658,140
interview,huihut,C++,7.53972602739726,35,0,0,66,65,0.9848484848484849,36657,25
v,vlang,V,6.542465753424658,12275,274,0,9690,8603,0.8878224974200206,36646,791
arthas,alibaba,Java,6.989041095890411,540,59,-1,2094,1722,0.8223495702005731,36640,213
docling,docling-project,Python,1.1232876712328768,522,118,-1,1107,623,0.5627822944896116,36634,117
JavaFamily,AobingJava,Unknown,5.7835616438356166,2,0,0,65,60,0.9230769230769231,36603,2
wtfpython,satwikkansal,Python,7.991780821917808,113,2,0,222,157,0.7072072072072072,36578,75
MockingBird,babysor,Python,4.046575342465753,80,1,0,888,412,0.46396396396396394,36567,40
cli,httpie,Python,13.501369863013698,406,47,-1,902,722,0.8004434589800443,36419,155
gym,openai,Python,9.32876712328767,998,19,-1,1838,1726,0.9390642002176278,36405,2538
bruno,usebruno,JavaScript,2.9068493150684933,1267,140,-1,3054,1851,0.6060903732809431,36371,336
ToolJet,ToolJet,JavaScript,4.402739726027397,6676,322,-1,5002,4369,0.8734506197520991,36366,661
chatbox,chatboxai,TypeScript,2.4684931506849317,71,47,0,2277,1451,0.6372419850680721,36336,54
HEU_KMS_Activator,zbezj,Unknown,6.1726027397260275,0,48,-1,182,28,0.15384615384615385,36330,1
Umi-OCR,hiroi-sora,Python,3.408219178082192,56,31,-1,782,512,0.6547314578005116,36240,25
google-research,google-research,Jupyter Notebook,6.890410958904109,29,0,0,1403,343,0.2444761225944405,36222,634
metasploit-framework,rapid7,Ruby,13.991780821917809,11346,0,0,6280,5843,0.9304140127388535,36210,2194
og-aws,open-guides,Shell,9.117808219178082,498,0,0,227,87,0.3832599118942731,36200,216
nushell,nushell,Rust,6.293150684931507,7902,111,-1,6636,5156,0.7769740807715492,36162,745
MediaCrawler,NanmiCoder,Python,2.208219178082192,101,0,-1,491,392,0.7983706720977597,36142,46
manifesto,opentofu,HTML,2.03013698630137,765,0,0,26,14,0.5384615384615384,36084,682
codex,openai,Rust,0.36164383561643837,941,86,-1,977,665,0.6806550665301945,36075,2291
date-fns,date-fns,TypeScript,10.887671232876713,1068,122,0,1997,1367,0.684526790185278,36054,400
crewAI,crewAIInc,Python,1.8246575342465754,937,99,-1,1489,1439,0.9664204163868368,36034,266
shadowsocks-android,shadowsocks,Kotlin,12.693150684931506,256,185,-1,2505,2457,0.9808383233532935,36030,42
compose,docker,Go,11.712328767123287,3541,263,0,8118,8038,0.9901453559990145,36017,233
lerna,lerna,TypeScript,9.726027397260275,997,244,0,2675,2277,0.851214953271028,36010,339
Langchain-Chatchat,chatchat-space,TypeScript,2.4,615,31,0,4186,4080,0.9746774964166268,35942,167
DragGAN,XingangPan,Python,2.2684931506849315,18,0,0,191,46,0.24083769633507854,35913,15
sheetjs,SheetJS,Unknown,12.728767123287671,106,0,1,2386,2267,0.9501257334450964,35876,177
955.WLB,formulahendry,Unknown,6.410958904109589,18,0,0,263,82,0.311787072243346,35849,17
cobalt,imputnet,Svelte,3.128767123287671,243,0,-1,939,776,0.8264110756123536,35795,53
hello-algorithm,geekxh,Java,5.238356164383561,26,0,0,44,33,0.75,35754,5
typeorm,typeorm,TypeScript,9.487671232876712,2176,38,-1,8402,6058,0.7210188050464175,35702,1119
carbon,carbon-app,JavaScript,8.191780821917808,668,215,0,686,627,0.9139941690962099,35641,181
puter,HeyPuter,JavaScript,1.473972602739726,593,8,-1,696,520,0.7471264367816092,35633,275
koa,koajs,JavaScript,12.101369863013698,522,9,0,926,909,0.9816414686825053,35601,247
HanLP,hankcs,Python,10.87945205479452,79,62,-1,1429,1421,0.9944016794961511,35540,36
fullPage.js,alvarotrigo,JavaScript,11.931506849315069,320,105,-1,4131,3999,0.9680464778503994,35465,144
lottie-android,airbnb,Java,8.884931506849314,713,59,0,1778,1744,0.9808773903262092,35454,177
engineering-blogs,kilimchoi,Ruby,10.202739726027398,681,0,0,97,74,0.7628865979381443,35445,328
desktop,zen-browser,C++,1.4054794520547946,483,115,-1,6925,6541,0.9445487364620938,35426,143
REKCARC-TSC-UHT,PKUanonym,HTML,6.389041095890411,171,0,-1,32,30,0.9375,35418,78
marked,markedjs,TypeScript,14.093150684931507,1554,156,0,1604,1592,0.9925187032418953,35392,187
mindsdb,mindsdb,Python,7.063013698630137,5370,311,-1,4305,4259,0.9893147502903601,35380,799
awesome-react-native,jondot,JavaScript,10.419178082191781,912,0,0,73,35,0.4794520547945205,35329,564
nativefier,nativefier,TypeScript,10.142465753424657,261,99,0,1237,982,0.793856103476152,35286,133
spacedrive,spacedriveapp,TypeScript,3.9068493150684933,1881,26,-1,507,388,0.7652859960552268,35274,118
vim-plug,junegunn,Vim Script,11.95890410958904,177,8,-1,1037,966,0.9315332690453231,35157,63
sqlmap,sqlmapproject,Python,13.167123287671233,173,10,-1,5344,5296,0.9910179640718563,35118,133
pytorch-image-models,huggingface,Python,6.558904109589041,479,69,-1,998,947,0.9488977955911824,35098,299
twenty,twentyhq,TypeScript,2.728767123287671,7212,46,-1,5211,5022,0.9637305699481865,35080,501
hackathon-starter,sahat,JavaScript,11.783561643835617,347,17,-1,680,670,0.9852941176470589,35053,198
awesome-shell,alebcay,Unknown,11.136986301369863,307,0,-1,62,23,0.3709677419354839,35035,268
polars,pola-rs,Rust,5.282191780821917,11485,226,-1,11302,8725,0.7719872588922314,35023,600
the-way-to-go_ZH_CN,unknwon,Go,12.424657534246576,592,0,0,0,0,0,35018,238
glide,bumptech,Java,12.134246575342466,572,47,-1,4482,3920,0.8746095493083444,34943,155
ai-agents-for-beginners,microsoft,Jupyter Notebook,0.7342465753424657,150,0,-1,67,58,0.8656716417910447,34880,10000
NewPipe,TeamNewPipe,Java,9.978082191780821,1661,137,-1,9633,8409,0.8729367798193709,34847,930
Coursera-ML-AndrewNg-Notes,fengdu78,HTML,7.8054794520547945,13,0,-1,68,15,0.22058823529411764,34818,15
leetcode,doocs,Java,6.93972602739726,4096,21,-1,56,56,1.0,34808,603
LocalAI,mudler,Go,2.4356164383561643,3925,83,-1,1084,714,0.6586715867158671,34801,144
AgentGPT,reworkd,TypeScript,2.3808219178082193,539,12,-1,467,337,0.721627408993576,34795,72
cursor-free-vip,yeongpin,Python,0.6136986301369863,74,69,-1,1028,472,0.4591439688715953,34744,40
outline,outline,TypeScript,9.26027397260274,3339,147,-1,3497,3403,0.973119816985988,34700,206
ghostty,ghostty-org,Zig,3.4054794520547946,2621,1,-1,1782,1637,0.9186307519640853,34634,381
bubbletea,charmbracelet,Go,5.6219178082191785,628,62,-1,368,295,0.8016304347826086,34631,136
awesome-javascript,sorrycc,Unknown,11.153424657534247,393,0,0,93,88,0.946236559139785,34508,306
caffe,BVLC,C++,11.953424657534246,1087,14,0,4801,3902,0.8127473443032701,34498,271
TaskMatrix,chenfei-wu,Python,2.4794520547945207,21,0,0,357,136,0.38095238095238093,34413,16
fastify,fastify,JavaScript,8.906849315068493,3135,298,0,2092,2014,0.9627151051625239,34403,792
node-v0.x-archive,nodejs,Unknown,16.252054794520546,218,0,1,6379,6379,1.0,34381,23
netty,netty,Java,14.797260273972602,4432,0,0,6716,6102,0.9085765336509827,34356,704
supervision,roboflow,Python,2.736986301369863,967,33,-1,489,415,0.8486707566462167,34340,135
jieba,fxsjy,Python,12.906849315068493,96,9,-1,866,229,0.2644341801385681,34339,40
formik,jaredpalmer,TypeScript,8.197260273972603,829,196,0,2260,1558,0.6893805309734513,34285,437
RevokeMsgPatcher,huiyadanli,C#,6.095890410958904,11,21,-1,893,834,0.9339305711086227,34263,6
manim,ManimCommunity,Python,5.265753424657534,1926,29,-1,1682,1308,0.7776456599286563,34255,440
LLM101n,karpathy,Unknown,1.2410958904109588,0,0,-1,0,0,0,34246,1
gold-miner,xitu,Unknown,9.808219178082192,3563,0,-1,5601,5592,0.998393144081414,34246,560
HowToLiveLonger,geekan,Unknown,3.356164383561644,14,0,0,138,103,0.7463768115942029,34206,9
portainer,portainer,TypeScript,9.26849315068493,4777,162,-1,5899,5281,0.8952364807594507,34160,232
clipboard.js,zenorocha,JavaScript,9.936986301369863,117,42,-1,629,618,0.9825119236883942,34160,60
OpenVoice,myshell-ai,Python,1.7342465753424658,17,0,-1,317,67,0.2113564668769716,34143,14
llvm-project,llvm,LLVM,8.715068493150685,55838,136,-1,86545,60224,0.6958692009937028,34120,5119
solid,solidjs,TypeScript,7.336986301369863,385,35,-1,1096,996,0.9087591240875912,34101,178
12306,testerSunshine,Python,8.273972602739725,31,1,-1,691,466,0.6743849493487699,34050,23
linux-command,jaywcjlove,Markdown,8.783561643835617,356,31,0,207,133,0.642512077294686,34041,185
react-beautiful-dnd,atlassian,JavaScript,8.043835616438356,530,68,0,1617,1045,0.6462585034013606,34031,177
husky,typicode,JavaScript,11.175342465753424,262,80,0,1089,1016,0.9329660238751147,34019,132
framework,laravel,PHP,12.624657534246575,16634,855,0,18872,18828,0.9976685036032217,33993,3723
anoma,anoma,Elixir,4.556164383561644,856,10,0,699,578,0.82689556509299,33886,46
poetry,python-poetry,Python,7.487671232876712,2331,142,0,6232,5713,0.9167201540436457,33875,599
spring-boot-demo,xkcoding,Java,7.789041095890411,15,0,0,173,73,0.42196531791907516,33851,9
Python,geekcomputers,Python,13.73972602739726,1855,0,0,486,149,0.3065843621399177,33786,730
zsh-autosuggestions,zsh-users,Shell,11.832876712328767,116,0,0,612,458,0.7483660130718954,33659,82
shadowsocks,shadowsocks,Python,13.35068493150685,70,2,0,0,0,0,33652,1
LeetCode-Go,halfrost,Go,8.104109589041096,178,4,1,80,64,0.8,33642,48
AndroidUtilCode,Blankj,Java,9.07123287671233,88,117,1,1589,1280,0.8055380742605412,33620,40
easyexcel,alibaba,Java,7.5479452054794525,190,14,0,3619,3131,0.8651561204752695,33586,84
awesome-deepseek-integration,deepseek-ai,Unknown,1.6164383561643836,230,0,-1,127,39,0.30708661417322836,33567,191
JavaScript,TheAlgorithms,JavaScript,8.117808219178082,795,0,0,209,200,0.9569377990430622,33538,391
AFNetworking,AFNetworking,Objective-C,14.241095890410959,710,40,0,0,0,0,33536,310
zxing,zxing,Java,13.873972602739727,318,31,0,1325,1321,0.9969811320754717,33533,128
aseprite,aseprite,C++,11.016438356164384,406,117,0,4290,2498,0.5822843822843823,33458,126
ShareX,ShareX,C#,11.882191780821918,751,83,-1,6888,6375,0.9255226480836237,33453,230
mattermost,mattermost,TypeScript,10.197260273972603,19268,847,-1,9047,8380,0.9262739029512546,33446,1067
awesome-docker,veggiemonk,Unknown,10.92876712328767,939,1,-1,130,127,0.9769230769230769,33424,413
How-To-Ask-Questions-The-Smart-Way,ryanhanwu,JavaScript,10.413698630136986,98,0,0,29,20,0.6896551724137931,33355,50
nps,ehang-io,Go,6.8054794520547945,74,59,0,1200,697,0.5808333333333333,33321,31
gpt-pilot,Pythagora-io,Python,2.021917808219178,393,0,-1,550,314,0.5709090909090909,33313,47
XX-Net,XX-net,Python,10.610958904109589,363,388,-1,13335,5418,0.4062992125984252,33305,73
stats,exelban,Swift,6.241095890410959,409,301,-1,2182,2154,0.9871677360219981,33304,164
jax,jax-ml,Python,6.832876712328767,15109,126,-1,6477,4880,0.7534352323606608,33255,839
carbon-lang,carbon-language,C++,5.326027397260274,4357,412,-1,714,560,0.7843137254901961,33160,167
Fabric,danielmiessler,JavaScript,1.6383561643835616,435,248,-1,744,637,0.8561827956989247,33159,190
brackets,adobe,JavaScript,13.72054794520548,4332,69,0,9680,7063,0.7296487603305785,33158,606
harness,harness,Go,11.547945205479452,1047,53,-1,2007,1933,0.963129048330842,33120,69
gulp,gulpjs,JavaScript,12.145205479452056,411,24,0,1937,1908,0.9850283944243676,33064,246
immutable-js,immutable-js,TypeScript,11.150684931506849,598,89,0,1262,1169,0.9263074484944532,33058,220
lossless-cut,mifi,TypeScript,8.819178082191781,202,100,0,1634,1426,0.8727050183598531,33046,110
selenium,SeleniumHQ,Java,12.613698630136986,3026,108,0,10935,10785,0.9862825788751715,33015,793
ijkplayer,bilibili,C,12.23013698630137,35,0,0,5375,2548,0.47404651162790695,32998,63
vault,hashicorp,Go,10.498630136986302,21302,168,-1,6385,5244,0.8212999216914644,32990,2436
AnotherRedisDesktopManager,qishibo,JavaScript,6.627397260273972,152,53,0,1066,927,0.8696060037523452,32980,40
openpose,CMU-Perceptual-Computing-Lab,C++,8.336986301369864,174,15,0,2004,1667,0.8318363273453094,32941,105
ControlNet,lllyasviel,Python,2.558904109589041,4,0,0,569,138,0.24253075571177504,32937,5
awesome-cursorrules,PatrickJS,MDX,0.9342465753424658,64,0,-1,42,8,0.19047619047619047,32935,61
ruoyi-vue-pro,YunaiV,Java,4.580821917808219,62,44,0,648,646,0.9969135802469136,32912,246
ShadowsocksX-NG,shadowsocks,Swift,9.208219178082192,64,30,-1,1358,1050,0.7731958762886598,32823,31
awesome-awesomeness,bayandin,Ruby,11.134246575342466,197,0,0,68,52,0.7647058823529411,32813,241
libpku,lib-pku,TeX,6.756164383561644,22,0,-1,43,32,0.7441860465116279,32712,15
C-Plus-Plus,TheAlgorithms,C++,9.10958904109589,688,0,-1,321,311,0.9688473520249221,32677,407
Reactive-Resume,AmruthPillai,TypeScript,5.416438356164384,633,95,-1,1568,1248,0.7959183673469388,32675,139
qBittorrent,qbittorrent,C++,13.558904109589042,3932,0,-1,16853,14550,0.8633477719100456,32647,369
swc,swc-project,Rust,7.673972602739726,5598,714,0,3975,3576,0.8996226415094339,32629,326
detectron2,facebookresearch,Python,5.96986301369863,0,10,0,3556,3091,0.8692350956130483,32626,275
bulletproof-react,alan2207,TypeScript,4.235616438356164,70,0,0,115,77,0.6695652173913044,32532,46
data-engineering-zoomcamp,DataTalksClub,Jupyter Notebook,3.841095890410959,395,0,0,136,134,0.9852941176470589,32457,169
jq,jqlang,C,13.106849315068493,640,15,-1,2283,1920,0.8409986859395532,32451,215
pnpm,pnpm,TypeScript,9.575342465753424,2676,1000,-1,4896,3016,0.6160130718954249,32450,332
certbot,certbot,Python,10.786301369863013,4005,62,0,5465,5340,0.9771271729185728,32408,475
rufus,pbatard,C,13.76986301369863,1,84,-1,2511,2503,0.9968140183193946,32368,138
drawdb,drawdb-io,JavaScript,2.106849315068493,234,0,-1,241,157,0.6514522821576764,32346,79
modern-unix,ibraheemdev,Unknown,4.6136986301369864,15,0,-1,83,30,0.3614457831325301,32315,14
refine,refinedev,TypeScript,4.5917808219178085,4426,1000,-1,1656,1623,0.980072463768116,32311,296
learnGitBranching,pcottle,JavaScript,13.035616438356165,606,0,-1,516,467,0.9050387596899225,32276,295
material-design-lite,google,HTML,10.613698630136986,655,14,3,2195,1813,0.8259681093394078,32266,191
CyberChef,gchq,JavaScript,8.73972602739726,510,447,-1,1059,626,0.591123701605288,32264,186
Real-ESRGAN,xinntao,Python,4.098630136986301,21,10,-1,727,171,0.23521320495185694,32253,11
duckdb,duckdb,C++,7.164383561643835,8213,51,-1,6124,5661,0.9243958197256695,32251,455
it-tools,CorentinTh,Vue,5.3863013698630136,491,10,-1,618,200,0.32362459546925565,32241,43
serenity,SerenityOS,C++,6.728767123287671,19529,0,0,4249,3522,0.8289009178630266,32239,1125
spaCy,explosion,Python,11.147945205479452,3590,129,-1,5718,5550,0.9706190975865687,32226,682
beego,beego,Go,13.490410958904109,1325,42,0,3374,3366,0.997628927089508,32216,410
agno,agno-agi,Python,3.3068493150684932,1754,86,-1,1270,1143,0.9,32201,264
directus,directus,TypeScript,12.704109589041096,8089,342,-1,9360,9060,0.967948717948718,32175,462
tiptap,ueberdosis,TypeScript,7.013698630136986,1260,899,-1,3238,2540,0.7844348363187152,32161,409
my-tv,lizongying,C,1.7205479452054795,11,72,0,919,774,0.8422198041349293,32152,9
chatbot-ui,mckaywrigley,TypeScript,2.4547945205479453,280,0,-1,993,817,0.8227593152064451,32142,126
run,The-Run-Philosophy-Organization,Unknown,3.372602739726027,171,0,-1,256,214,0.8359375,32101,80
cherry-studio,CherryHQ,TypeScript,1.2493150684931507,1944,192,-1,6354,5824,0.9165879760780611,32004,247
tabby,TabbyML,Rust,2.441095890410959,2969,241,0,937,733,0.7822838847385272,31998,119
etcher,balena-io,TypeScript,9.830136986301369,1731,289,-1,2381,1823,0.7656446871062579,31970,89
nacos,alibaba,Java,7.1945205479452055,3156,84,0,9154,8903,0.9725802927681888,31965,434
chatgpt-web,Chanzhaoyu,Vue,2.536986301369863,159,43,-1,1747,1747,1.0,31938,77
Folo,RSSNext,TypeScript,1.3753424657534246,1255,70,-1,2247,2046,0.910547396528705,31919,139
pathway,pathwaycom,Python,2.73972602739726,5,75,-1,97,53,0.5463917525773195,31891,29
yew,yewstack,Rust,7.69041095890411,1802,35,-1,1256,1143,0.910031847133758,31890,427
GPT_API_free,chatanywhere,Python,2.336986301369863,1,0,0,377,353,0.9363395225464191,31852,2
swr,vercel,TypeScript,5.824657534246575,795,123,0,959,817,0.8519290928050052,31852,261
awesome-php,ziadoz,Unknown,11.747945205479452,453,0,0,153,152,0.9934640522875817,31831,297
v2ray-core,v2fly,Go,6.361643835616438,909,111,-1,1041,1002,0.962536023054755,31803,151
android-open-project,Trinea,Unknown,11.638356164383561,204,0,0,86,75,0.872093023255814,31793,117
WxJava,binarywang,Java,9.635616438356164,1053,30,0,2371,2307,0.9730071699704765,31787,59
mpv,mpv-player,C,12.868493150684932,3504,87,-1,10549,9644,0.9142098777135274,31782,525
vnpy,vnpy,Python,10.484931506849316,1055,64,-1,2128,2110,0.9915413533834586,31775,124
shardeum,shardeum,TypeScript,1.3534246575342466,325,0,2,38,33,0.868421052631579,31767,43
fairseq,facebookresearch,Python,7.989041095890411,234,16,-1,4247,3056,0.7195667530021191,31739,372
graphql-engine,hasura,TypeScript,7.186301369863013,2110,294,0,6380,4145,0.6496865203761756,31668,562
go-zero,zeromicro,Go,5.046575342465753,2321,140,-1,1868,1643,0.8795503211991434,31664,299
pytorch-tutorial,yunjey,Python,8.46027397260274,28,0,0,180,114,0.6333333333333333,31648,27
Retrieval-based-Voice-Conversion-WebUI,RVC-Project,Python,2.410958904109589,475,7,-1,1920,1299,0.6765625,31628,131
Hello-Python,mouredev,Python,3.0575342465753423,0,0,-1,293,275,0.9385665529010239,31623,1
mmdetection,open-mmlab,Python,7.008219178082192,2359,53,0,8497,6746,0.7939272684476875,31601,448
floating-ui,floating-ui,TypeScript,9.408219178082192,1190,497,-1,1456,1429,0.9814560439560439,31593,116
YesPlayMusic,qier222,Vue,4.873972602739726,288,31,-1,1799,1191,0.6620344635908838,31545,77
remix,remix-run,TypeScript,4.8273972602739725,3441,175,0,2606,2602,0.9984650805832693,31539,747
html2canvas,niklasvh,TypeScript,14.115068493150686,186,45,0,2621,1660,0.6333460511255246,31493,50
awesome-cto,kuchin,Unknown,8.69041095890411,18,0,0,11,11,1.0,31482,18
echo,labstack,Go,10.487671232876712,592,109,0,1465,1392,0.9501706484641638,31442,271
vimrc,amix,Vim Script,13.243835616438357,107,0,0,522,510,0.9770114942528736,31442,85
rxjs,ReactiveX,TypeScript,10.449315068493151,2588,2,0,3160,2940,0.930379746835443,31429,553
CasaOS,IceWhaleTech,Go,3.9095890410958902,274,97,-1,1557,880,0.565189466923571,31368,26
lottie-web,airbnb,JavaScript,10.512328767123288,136,0,0,2894,2125,0.7342778161713891,31367,103
MS-DOS,microsoft,Assembly,7.167123287671233,37,0,0,0,0,0,31356,39
servo,servo,HTML,13.547945205479452,20542,0,-1,14014,11017,0.7861424289995719,31339,1296
netron,lutzroeder,JavaScript,14.668493150684931,1,3,-1,1222,1201,0.9828150572831423,31248,1
xyflow,xyflow,TypeScript,6.112328767123287,1402,350,0,2270,2187,0.9634361233480176,31231,113
cockroach,cockroachdb,Go,11.550684931506849,67708,0,-1,75741,69317,0.915184642399757,31209,959
backstage,backstage,TypeScript,5.583561643835616,18970,443,0,7060,6695,0.9483002832861189,31187,1751
OpenCut,OpenCut-app,TypeScript,0.16986301369863013,179,0,-1,185,72,0.3891891891891892,31168,85
cursor,cursor,Unknown,2.452054794520548,46,0,-1,3243,1213,0.374036386062288,31137,36
paper-reading,mli,Unknown,3.8383561643835615,15,0,0,0,0,0,31122,10
claude-code,anthropics,TypeScript,0.4986301369863014,59,0,-1,6251,3571,0.5712685970244761,31102,130
mediapipe,google-ai-edge,C++,6.2,201,63,0,5472,5032,0.9195906432748538,31070,93
slate,ianstormtaylor,TypeScript,9.186301369863013,1938,203,0,3198,2528,0.7904940587867417,31056,589
Blog,mqyqingfeng,Unknown,8.452054794520548,3,0,1,361,100,0.2770083102493075,31046,2
dokku,dokku,Shell,12.216438356164383,4170,303,0,2799,2754,0.9839228295819936,31045,523
sharp,lovell,JavaScript,12.01917808219178,302,99,0,3981,3865,0.9708615925646822,31021,219
linux-insides,0xAX,Python,10.643835616438356,579,0,1,189,153,0.8095238095238095,30990,290
dotfiles,mathiasbynens,Shell,13.975342465753425,44,0,0,392,254,0.6479591836734694,30962,120
lede,coolsnowwolf,C,7.967123287671233,2020,6,-1,9153,8389,0.9165300994209549,30931,522
MonitorControl,MonitorControl,Swift,7.93972602739726,216,26,0,983,968,0.9847405900305188,30930,77
OCRmyPDF,ocrmypdf,Python,11.682191780821919,153,41,0,1269,1137,0.8959810874704491,30915,107
filebrowser,filebrowser,Go,9.956164383561644,608,97,0,2748,2727,0.99235807860262,30907,203
ink,vadimdemedes,TypeScript,8.202739726027398,235,63,-1,375,302,0.8053333333333333,30896,132
croc,schollz,Go,7.854794520547945,236,175,0,540,530,0.9814814814814815,30894,106
jQuery-File-Upload,blueimp,PHP,14.736986301369862,119,0,2,3307,3258,0.9851829452676142,30891,96
1Panel,1Panel-dev,Go,3.0986301369863014,3823,96,-1,5399,4777,0.8847934802741249,30883,82
minikube,kubernetes,Go,9.361643835616439,8793,151,-1,10120,9617,0.950296442687747,30851,1354
paperless-ngx,paperless-ngx,Python,3.5287671232876714,2569,123,0,2108,2108,1.0,30828,366
k9s,derailed,Go,6.580821917808219,839,248,-1,2139,1733,0.8101916783543712,30816,330
Xray-core,XTLS,Go,4.789041095890411,1015,90,-1,2555,2543,0.9953033268101761,30796,191
khoj,khoj-ai,Python,4.021917808219178,475,159,-1,552,476,0.8623188405797102,30786,58
kafka,apache,Java,14.032876712328767,11814,0,0,0,0,0,30736,1299
p3c,alibaba,Kotlin,8.172602739726027,62,0,1,858,697,0.8123543123543123,30725,38
editor.js,codex-team,TypeScript,9.742465753424657,863,102,0,1521,922,0.6061801446416831,30723,78
fish-shell,fish-shell,Rust,13.295890410958904,2146,48,0,7665,7186,0.9375081539465101,30721,971
awesome-sysadmin,awesome-foss,Unknown,10.673972602739726,329,0,0,102,88,0.8627450980392157,30703,257
interactive-coding-challenges,donnemartin,Python,10.32876712328767,176,0,0,69,32,0.463768115942029,30689,41
headscale,juanfont,Go,5.175342465753425,1057,124,-1,1093,1000,0.9149130832570905,30677,214
Sortable,SortableJS,JavaScript,11.684931506849315,248,30,0,1817,1344,0.7396807925151349,30674,157
textual,Textualize,Python,4.3780821917808215,2177,185,0,2260,2075,0.918141592920354,30626,175
comprehensive-rust,google,Rust,2.673972602739726,2174,0,0,345,235,0.6811594202898551,30612,359
k3s,k3s-io,Go,7.235616438356164,4069,885,0,6946,6836,0.9841635473653901,30578,1798
spring-boot-examples,ityouknow,Java,8.802739726027397,7,0,1,109,99,0.908256880733945,30577,8
calculator,microsoft,C++,6.572602739726028,899,0,0,1113,717,0.6442048517520216,30553,10000
UTM,utmapp,Swift,6.36986301369863,266,122,-1,3424,2540,0.741822429906542,30549,87
server,nextcloud,PHP,9.23013698630137,28175,350,-1,20213,17948,0.8879434027605996,30547,1129
influxdb,influxdata,Rust,11.915068493150685,10607,93,-1,14018,11958,0.8530460836067912,30524,569
symfony,symfony,PHP,15.643835616438356,24307,555,0,21234,20690,0.974380710181784,30506,3192
jsPDF,parallax,JavaScript,15.723287671232876,718,35,0,2559,2445,0.9554513481828839,30502,194
diffusers,huggingface,Python,3.2356164383561645,5005,86,-1,4978,4414,0.8867014865407794,30454,1124
Data-Science-For-Beginners,microsoft,Jupyter Notebook,4.476712328767123,316,0,0,119,95,0.7983193277310925,30419,120
gkd,gkd-kit,Kotlin,2.1397260273972605,6,53,-1,661,648,0.9803328290468987,30418,5
CLIP,openai,Jupyter Notebook,4.6876712328767125,28,0,-1,435,193,0.4436781609195402,30409,2204
Trilium,TriliumNext,TypeScript,8.257534246575343,628,334,0,4578,3494,0.763215377894277,30401,185
weekly,ascoders,JavaScript,8.432876712328767,136,193,-1,366,363,0.9918032786885246,30379,74
webtorrent,webtorrent,JavaScript,11.863013698630137,963,228,-1,1663,1598,0.9609140108238123,30370,182
exo,exo-explore,Python,1.1643835616438356,207,12,-1,508,146,0.2874015748031496,30369,51
medusa,medusajs,TypeScript,5.6,7471,128,-1,3270,3171,0.9697247706422019,30356,379
rocksdb,facebook,C++,12.736986301369862,609,206,-1,3407,2636,0.7737012034047549,30353,851
fabric.js,fabricjs,TypeScript,15.216438356164383,2343,174,-1,6184,5761,0.9315976714100905,30339,311
umami,umami-software,TypeScript,5.104109589041096,799,99,-1,1839,1763,0.958673191952148,30339,316
lux,iawia002,Go,7.498630136986302,300,86,-1,1060,540,0.5094339622641509,30334,108
layui,layui,JavaScript,9.926027397260274,590,158,0,1365,1298,0.9509157509157509,30333,63
NeteaseCloudMusicApi,Binaryify,Unknown,9.175342465753424,292,0,0,1337,1190,0.8900523560209425,30320,93
tqdm,tqdm,Python,10.23013698630137,287,131,0,1026,587,0.5721247563352827,30301,113
docsify,docsifyjs,JavaScript,8.761643835616438,731,15,-1,1287,1199,0.9316239316239316,30293,176
GPTs,linexjlin,Unknown,1.7835616438356163,42,0,0,28,21,0.75,30270,29
alpine,alpinejs,HTML,5.739726027397261,657,137,0,612,612,1.0,30240,284
HEAD,joshbuchea,Unknown,9.347945205479451,86,0,0,93,73,0.7849462365591398,30222,60
numpy,numpy,Python,14.953424657534246,13102,132,-1,13495,11397,0.8445350129677658,30219,1776
AI-Expert-Roadmap,AMAI-GmbH,JavaScript,4.832876712328767,13,0,0,66,46,0.696969696969697,30201,9
dioxus,DioxusLabs,Rust,4.605479452054794,1769,25,-1,2064,1635,0.7921511627906976,30188,349
roop,s0md3v,Python,2.241095890410959,80,6,-1,0,0,0,30152,25
CheatSheetSeries,OWASP,Python,6.676712328767123,1076,0,-1,529,487,0.9206049149338374,30142,550
sequelize,sequelize,TypeScript,15.098630136986301,4961,487,1,10402,9511,0.9143433955008652,30131,1069
stanford_alpaca,tatsu-lab,Python,2.4575342465753423,5,0,0,268,98,0.3656716417910448,30129,8
uppy,transloadit,TypeScript,9.775342465753425,3108,241,-1,2452,2292,0.9347471451876019,30116,442
sniffnet,GyulyVGC,Rust,3.0657534246575344,430,14,-1,280,239,0.8535714285714285,30105,56
OpenAPI-Specification,OAI,Markdown,11.482191780821918,1585,12,0,2365,2225,0.9408033826638478,30103,239
pytorch-lightning,Lightning-AI,Python,6.402739726027397,9087,167,-1,7401,6490,0.8769085258748818,30015,1005
hutool,chinabugotech,Java,11.36986301369863,454,152,0,2987,2983,0.9986608637428859,30011,300
tinygrad,tinygrad,Python,4.8493150684931505,7972,13,-1,977,844,0.8638689866939611,29927,420
llm-app,pathwaycom,Jupyter Notebook,2.0986301369863014,47,0,-1,17,12,0.7058823529411765,29922,25
drizzle-orm,drizzle-team,TypeScript,4.167123287671233,610,146,-1,3130,1693,0.5408945686900959,29904,134
surrealdb,surrealdb,Rust,3.706849315068493,2150,92,0,2159,1473,0.682260305697082,29904,147
particles.js,VincentGarreau,JavaScript,10.96986301369863,21,6,0,411,106,0.25790754257907544,29902,14
AdGuardHome,AdguardTeam,Go,9.136986301369863,124,214,-1,5764,4631,0.8034351145038168,29786,204
leakcanary,square,Kotlin,10.323287671232876,921,43,0,1636,1510,0.9229828850855746,29785,181
foundation-sites,foundation,HTML,13.871232876712329,2958,79,0,8236,8179,0.9930791646430306,29766,1026
restic,restic,Go,11.331506849315069,2184,48,-1,2815,2392,0.849733570159858,29761,405
DevToys,DevToys-app,C#,3.9013698630136986,497,38,-1,933,658,0.7052518756698821,29753,77
awesome-python-cn,jobbole,Makefile,9.810958904109588,51,0,-1,31,18,0.5806451612903226,29744,33
awesome-macos-command-line,herrbischoff,Unknown,9.926027397260274,104,0,-1,0,0,0,29744,75
wails,wailsapp,Go,6.693150684931507,1504,243,-1,2132,1873,0.8785178236397748,29716,296
vue-cli,vuejs,JavaScript,9.665753424657535,1259,178,0,5498,4563,0.8299381593306657,29710,522
stb,nothings,C,11.254794520547945,288,0,-1,893,694,0.7771556550951848,29704,194
cheerio,cheeriojs,TypeScript,13.882191780821918,2840,61,1,1221,1199,0.9819819819819819,29703,139
folly,facebook,C++,13.235616438356164,13,254,-1,1224,931,0.7606209150326797,29699,903
Hyprland,hyprwm,C++,3.441095890410959,1885,96,0,7273,7214,0.9918878042073422,29683,501
algo,trailofbits,Python,9.27945205479452,576,3,0,1619,1543,0.9530574428659666,29678,290
vue-vben-admin,vbenjs,Vue,5.120547945205479,1638,60,0,3598,3473,0.9652584769316287,29643,111
WSL,microsoft,C++,9.386301369863014,139,94,-1,11738,10719,0.9131879366161186,29630,95
Mr.-Ranedeer-AI-Tutor,JushBJJ,Unknown,2.4,18,3,-1,47,34,0.723404255319149,29625,12
glances,nicolargo,Python,13.728767123287671,743,51,0,2061,1934,0.9383794274623969,29614,180
apollo,apolloconfig,Java,9.476712328767123,1449,41,0,3352,3212,0.9582338902147971,29611,173
motion,motiondivision,TypeScript,6.772602739726027,1061,0,-1,1858,1570,0.844994617868676,29580,126
project-guidelines,elsewhencode,JavaScript,8.153424657534247,113,0,0,38,29,0.7631578947368421,29558,81
react-boilerplate,react-boilerplate,JavaScript,10.517808219178082,715,16,0,1909,1823,0.9549502357255107,29537,217
500lines,aosabook,JavaScript,11.808219178082192,175,0,1,70,41,0.5857142857142857,29516,60
phantomjs,ariya,C++,14.665753424657535,562,0,1,4745,4731,0.9970495258166491,29480,365
mantine,mantinedev,TypeScript,4.627397260273972,1494,272,0,3245,3224,0.9935285053929122,29463,687
react-three-fiber,pmndrs,TypeScript,6.495890410958904,651,125,-1,1122,1042,0.928698752228164,29419,236
django-rest-framework,encode,Python,14.487671232876712,3021,21,0,3945,3887,0.985297845373891,29393,1204
LibreChat,danny-avila,TypeScript,2.5287671232876714,2141,58,-1,3277,3120,0.9520903265181568,29391,273
tokio,tokio-rs,Rust,8.95890410958904,3596,138,-1,2523,2188,0.8672215616329766,29386,901
hey,heyverse,TypeScript,3.4328767123287673,3765,0,0,0,0,0,29383,114
Hover,IanLunn,SCSS,11.646575342465754,23,10,0,107,83,0.7757009345794392,29376,21
css-protips,AllThingsSmitty,Unknown,9.991780821917809,73,0,0,62,61,0.9838709677419355,29354,43
standard,standard,JavaScript,10.578082191780823,411,7,0,1232,1122,0.9107142857142857,29343,174
canal,alibaba,Java,12.616438356164384,473,32,-1,4731,3571,0.7548087085182836,29330,234
lighthouse,GoogleChrome,JavaScript,9.465753424657533,5467,125,0,9183,8692,0.9465316345420887,29296,355
consul,hashicorp,Go,11.808219178082192,13734,217,-1,5539,4270,0.7708972738761509,29243,2018
handson-ml2,ageron,Jupyter Notebook,6.627397260273972,64,0,-1,517,300,0.5802707930367504,29226,67
xxl-job,xuxueli,Java,9.742465753424657,116,38,0,3235,3031,0.9369397217928903,29211,67
es6features,lukehoban,Unknown,11.482191780821918,41,0,0,57,36,0.631578947368421,29193,37
keycloak,keycloak,Java,12.150684931506849,17543,87,-1,15267,13275,0.8695224995087444,29177,1361
python-guide,realpython,Batchfile,14.452054794520548,683,0,0,279,180,0.6451612903225806,29158,416
DeepFaceLive,iperov,Python,4.69041095890411,13,35,0,144,143,0.9930555555555556,29153,8
Clone-Wars,GorvGoyl,Unknown,4.726027397260274,130,0,0,82,70,0.8536585365853658,29140,100
firecracker,firecracker-microvm,Rust,7.8493150684931505,3191,78,-1,1453,1405,0.9669649002064694,29136,260
viper,spf13,Go,11.4,507,34,0,902,490,0.5432372505543237,29127,177
TrackersListCollection,XIU2,Unknown,5.8931506849315065,7,0,-1,0,0,0,29112,7
swift-algorithm-club,kodecocodes,Swift,9.580821917808219,610,0,1,215,183,0.8511627906976744,29093,253
tuning_playbook,google-research,Unknown,2.5972602739726027,14,0,0,45,34,0.7555555555555555,29092,15
plyr,sampotts,JavaScript,10.528767123287672,384,88,-1,2103,1221,0.5805991440798859,29084,182
composer,composer,PHP,14.219178082191782,2959,215,0,7876,7762,0.9855256475368207,29082,1016
zoxide,ajeetdsouza,Rust,5.471232876712329,227,36,-1,682,580,0.8504398826979472,29064,92
COVID-19,CSSEGISandData,Unknown,5.553424657534246,2152,0,0,3759,2079,0.553072625698324,29046,7
refined-github,refined-github,TypeScript,9.526027397260274,3437,174,0,4513,4383,0.9711943274983381,29022,369
SpringAll,wuyouzhuguli,Java,7.315068493150685,1,0,0,48,27,0.5625,28930,3
llama3,meta-llama,Python,1.441095890410959,23,0,0,293,119,0.4061433447098976,28930,34
react-spring,pmndrs,TypeScript,7.468493150684932,437,52,0,1259,1143,0.9078633836378078,28858,202
postcss,postcss,TypeScript,11.92054794520548,760,268,1,1025,998,0.9736585365853658,28857,395
Complete-Python-3-Bootcamp,Pierian-Data,Jupyter Notebook,7.531506849315068,12,0,0,369,225,0.6097560975609756,28841,5
todomvc,tastejs,JavaScript,14.232876712328768,760,6,0,784,661,0.8431122448979592,28821,328
dragonfly,dragonflydb,C++,3.7013698630136984,3319,108,-1,1856,1587,0.8550646551724138,28752,135
qlib,microsoft,Python,5.027397260273973,725,23,-1,981,724,0.7380224260958206,28738,10000
hosts,StevenBlack,Python,13.372602739726027,486,780,0,2112,1999,0.9464962121212122,28727,153
spring-cloud-alibaba,alibaba,Java,7.7315068493150685,1077,48,0,2500,2304,0.9216,28703,198
JavaScript30,wesbos,HTML,8.715068493150685,153,0,-1,0,0,0,28683,117
os-tutorial,cfenollosa,C,10.906849315068493,11,0,-1,180,105,0.5833333333333334,28675,12
kitty,kovidgoyal,Python,8.857534246575343,1131,128,-1,6275,6265,0.998406374501992,28657,343
linkedin-skill-assessments-quizzes,Ebazhanov,Unknown,6.117808219178082,5638,1,0,891,807,0.9057239057239057,28637,1594
xstate,statelyai,TypeScript,9.947945205479453,1977,443,0,1396,1288,0.9226361031518625,28632,347
slick,kenwheeler,JavaScript,11.424657534246576,258,48,2,3620,2421,0.6687845303867404,28623,161
Jobs_Applier_AI_Agent_AIHawk,feder-cr,Python,1.0520547945205478,185,0,0,674,663,0.983679525222552,28592,66
machine-learning-for-software-engineers,ZuzooVn,Unknown,8.876712328767123,60,0,-1,26,9,0.34615384615384615,28576,38
k6,grafana,Go,9.43013698630137,2165,77,0,2394,1676,0.7000835421888053,28573,253
posthog,PostHog,Python,5.586301369863014,25115,19,0,7710,5563,0.7215304798962386,28567,334
immer,immerjs,JavaScript,7.654794520547945,374,109,0,668,633,0.9476047904191617,28553,186
continue,continuedev,TypeScript,2.252054794520548,2871,405,-1,3669,2942,0.8018533660397928,28538,394
Avalonia,AvaloniaUI,C#,11.723287671232876,5320,110,-1,7877,6160,0.7820236130506538,28509,498
ExplorerPatcher,valinet,C,4.041095890410959,18,288,0,2468,2196,0.8897893030794165,28503,18
turborepo,vercel,Rust,3.884931506849315,6233,496,-1,1937,1811,0.9349509550851832,28484,633
data-science-ipython-notebooks,donnemartin,Python,10.58904109589041,31,0,0,41,22,0.5365853658536586,28478,12
rust-course,sunface,Rust,7.049315068493151,783,0,0,210,149,0.7095238095238096,28472,314
programmer-job-blacklist,shengxinjing,Shell,9.167123287671233,28,0,2,338,181,0.5355029585798816,28457,26
jumpserver,jumpserver,Python,11.145205479452056,7550,250,-1,7323,7291,0.9956302061996449,28455,131
openai-python,openai,Python,4.83013698630137,995,320,-1,1080,988,0.9148148148148149,28447,1223
vuex,vuejs,JavaScript,10.112328767123287,656,51,0,1264,1165,0.9216772151898734,28437,363
podman,containers,Go,7.813698630136987,11712,228,-1,10033,9249,0.9218578690321938,28422,767
openssl,openssl,C,12.610958904109589,145,283,-1,10761,9330,0.8670197936994704,28385,1080
helm,helm,Go,9.887671232876713,4115,216,-1,8147,7679,0.9425555419172702,28382,779
android_guides,codepath,Unknown,12.186301369863013,9,0,0,381,219,0.5748031496062992,28378,113
tdesktop,telegramdesktop,C++,11.317808219178081,1747,799,-1,15250,14371,0.9423606557377049,28333,191
the-super-tiny-compiler,jamiebuilds,JavaScript,9.457534246575342,20,0,1,0,0,0,28330,18
reverse-interview,viraptor,Unknown,5.961643835616439,75,0,-1,25,18,0.72,28309,64
Sunshine,LizardByte,C++,3.6904109589041094,1471,43,-1,1063,984,0.9256820319849483,28299,141
90DaysOfDevOps,MichaelCade,Shell,3.66027397260274,358,2,0,89,80,0.898876404494382,28299,134
vscodium,VSCodium,Shell,7.032876712328767,549,240,-1,1512,1390,0.9193121693121693,28297,120
applied-ml,eugeneyan,Unknown,5.13972602739726,208,0,0,24,22,0.9166666666666666,28245,48
linera-protocol,linera-io,Rust,3.6794520547945204,2688,18,-1,1247,774,0.6206896551724138,28225,91
async,caolan,JavaScript,15.238356164383562,558,7,3,1142,1132,0.9912434325744308,28224,234
gitbook,GitbookIO,TypeScript,11.405479452054795,1302,75,-1,1910,1882,0.9853403141361257,28223,30
druid,alibaba,Java,13.813698630136987,1519,51,-1,4538,2285,0.503525782282944,28182,287
nginxconfig.io,digitalocean,JavaScript,7.635616438356164,191,0,0,239,184,0.7698744769874477,28177,61
nginx-proxy-manager,NginxProxyManager,JavaScript,7.67945205479452,530,77,-1,3000,2085,0.695,28139,202
marker,datalab-to,Python,1.8164383561643835,201,64,-1,558,291,0.521505376344086,28136,24
backbone,jashkenas,JavaScript,14.906849315068493,881,0,0,2406,2364,0.9825436408977556,28107,320
dnSpy,dnSpy,C#,10.153424657534247,53,1,-1,0,0,0,28082,67
swagger-ui,swagger-api,JavaScript,14.117808219178082,3308,376,-1,5636,4428,0.7856635911994322,28067,553
python-telegram-bot,python-telegram-bot,Python,10.136986301369863,1636,127,0,2279,2264,0.9934181658622203,28052,229
Python-programming-exercises,zhiwehu,Unknown,13.2,0,0,0,85,17,0.2,28038,2
ChatGPT,acheong08,Python,2.723287671232877,292,277,-1,803,792,0.9863013698630136,28034,134
trivy,aquasecurity,Go,6.372602739726028,3182,171,-1,2910,2751,0.945360824742268,28026,483
mobx,mobxjs,TypeScript,10.452054794520548,1152,113,0,1972,1914,0.9705882352941176,28014,339
react-select,JedWatson,TypeScript,11.0,1054,61,0,3630,3249,0.8950413223140495,28005,427
waifu2x,nagadomi,Lua,10.276712328767124,68,3,0,368,216,0.5869565217391305,28004,34
Charts,ChartsOrg,Swift,10.435616438356165,427,38,1,4278,3388,0.7919588592800374,27933,161
vhr,lenve,Java,7.638356164383562,1,0,0,254,97,0.38188976377952755,27916,2
erpnext,frappe,Python,14.219178082191782,26454,1000,-1,16782,14509,0.8645572637349541,27896,643
raylib,raysan5,C,11.838356164383562,2166,24,-1,2033,2013,0.9901623216920806,27845,747
headlessui,tailwindlabs,TypeScript,4.936986301369863,619,127,0,1399,1288,0.9206576125804146,27844,97
python-fire,google,Python,8.506849315068493,135,12,0,332,207,0.6234939759036144,27843,82
Web,qianguyihao,Unknown,8.64109589041096,0,0,-1,226,156,0.6902654867256637,27839,1
litellm,BerriAI,Python,2.0767123287671234,5345,988,-1,6588,5727,0.8693078324225865,27830,769
ResumeSample,geekcompany,Unknown,10.964383561643835,2,0,-1,0,0,0,27817,3
create-t3-app,t3-oss,TypeScript,3.252054794520548,1114,138,0,738,675,0.9146341463414634,27814,373
nginx,nginx,C,10.175342465753424,95,8,-1,351,172,0.49002849002849,27814,94
aos,michalsnik,JavaScript,10.131506849315068,38,0,0,704,360,0.5113636363636364,27797,16
Probabilistic-Programming-and-Bayesian-Methods-for-Hackers,CamDavidsonPilon,Jupyter Notebook,12.613698630136986,243,0,-1,247,90,0.3643724696356275,27761,140
WindTerm,kingToolbox,C,5.876712328767123,1,32,-1,2744,564,0.2055393586005831,27720,2
yazi,sxyazi,Rust,2.128767123287671,954,27,-1,1419,1378,0.971106412966878,27720,139
EasyOCR,JaidedAI,Python,5.446575342465754,177,23,-1,1072,607,0.566231343283582,27690,113
redash,getredash,Python,11.827397260273973,3256,100,0,2573,1956,0.7602020987174505,27686,489
yapi,YMFE,JavaScript,9.238356164383562,141,1,0,2458,922,0.37510170870626525,27660,89
flameshot,flameshot-org,C++,8.293150684931506,968,30,-1,2766,2099,0.7588575560375994,27609,297
commander.js,tj,JavaScript,14.035616438356165,827,83,0,1138,1131,0.9938488576449912,27569,185
so-vits-svc,svc-develop-team,Python,2.4575342465753423,153,0,0,130,109,0.8384615384615385,27551,45
srs,ossrs,C++,10.326027397260274,508,68,-1,1539,1313,0.8531513970110461,27549,107
